{
"LMPs": {
	"b1":[
		9.614507,
		9.614507,
		9.614507,
		9.614507,
		9.408671,
		9.614507,
		9.408671,
		9.408671,
		9.408671,
		9.408671,
		9.408671,
		9.408671,
		9.408671,
		9.408671,
		9.408671,
		9.408671,
		9.408671,
		9.408671,
		9.408671,
		9.408671,
		9.614507,
		9.408671,
		9.408671,
		9.408671,
		9.457625,
		9.457625,
		9.408671,
		9.506578,
		9.457625,
		9.614507,
		9.614507,
		9.457625,
		9.614507,
		9.614507,
		9.614507,
		9.614507,
		9.614507,
		9.614507,
		9.614507,
		9.614507,
		9.614507,
		10.185876,
		9.614507,
		9.614507,
		9.614507,
		9.614507,
		9.614507,
		9.614507,
		10.185876,
		10.185876,
		10.185876,
		9.8174,
		11.862367,
		10.185876,
		10.185876,
		10.185876,
		9.8174,
		11.862367,
		11.862367,
		9.614507,
		10.185876,
		11.493892,
		10.185876,
		11.493892,
		12.06526,
		9.614507,
		10.185876,
		11.493892,
		11.493892,
		11.493892,
		11.493892,
		10.185876,
		11.862367,
		9.614507,
		10.185876,
		10.185876,
		9.614507,
		10.185876,
		10.185876,
		10.185876,
		10.185876,
		10.185876,
		10.185876,
		10.185876,
		10.185876,
		10.185876,
		10.185876,
		9.614507,
		9.614507,
		9.614507,
		9.614507,
		9.614507,
		9.614507,
		9.614507,
		9.614507,
		9.457625]
,

	"b2":[
		9.614507,
		9.614507,
		9.614507,
		9.614507,
		9.408671,
		9.614507,
		9.408671,
		9.408671,
		9.408671,
		9.408671,
		9.408671,
		9.408671,
		9.408671,
		9.408671,
		9.408671,
		9.408671,
		9.408671,
		9.408671,
		9.408671,
		9.408671,
		9.614507,
		9.408671,
		9.408671,
		9.408671,
		9.457625,
		9.457625,
		9.408671,
		9.506578,
		9.457625,
		9.614507,
		9.614507,
		9.457625,
		9.614507,
		9.614507,
		9.614507,
		9.614507,
		9.614507,
		9.614507,
		9.614507,
		9.614507,
		9.614507,
		10.185876,
		9.614507,
		9.614507,
		9.614507,
		9.614507,
		9.614507,
		9.614507,
		10.185876,
		10.185876,
		10.185876,
		9.8174,
		11.862367,
		10.185876,
		10.185876,
		10.185876,
		9.8174,
		11.862367,
		11.862367,
		9.614507,
		10.185876,
		11.493892,
		10.185876,
		11.493892,
		12.06526,
		9.614507,
		10.185876,
		11.493892,
		11.493892,
		11.493892,
		11.493892,
		10.185876,
		11.862367,
		9.614507,
		10.185876,
		10.185876,
		9.614507,
		10.185876,
		10.185876,
		10.185876,
		10.185876,
		10.185876,
		10.185876,
		10.185876,
		10.185876,
		10.185876,
		10.185876,
		9.614507,
		9.614507,
		9.614507,
		9.614507,
		9.614507,
		9.614507,
		9.614507,
		9.614507,
		9.457625]
,

	"b3":[
		9.614507,
		9.614507,
		9.614507,
		9.614507,
		9.408671,
		9.614507,
		9.408671,
		9.408671,
		9.408671,
		9.408671,
		9.408671,
		9.408671,
		9.408671,
		9.408671,
		9.408671,
		9.408671,
		9.408671,
		9.408671,
		9.408671,
		9.408671,
		9.614507,
		9.408671,
		9.408671,
		9.408671,
		9.457625,
		9.457625,
		9.408671,
		9.506578,
		9.457625,
		9.614507,
		9.614507,
		9.457625,
		9.614507,
		9.614507,
		9.614507,
		9.614507,
		9.614507,
		9.614507,
		9.614507,
		9.614507,
		9.614507,
		10.185876,
		9.614507,
		9.614507,
		9.614507,
		9.614507,
		9.614507,
		9.614507,
		10.185876,
		10.185876,
		10.185876,
		9.8174,
		11.862367,
		10.185876,
		10.185876,
		10.185876,
		9.8174,
		11.862367,
		11.862367,
		9.614507,
		10.185876,
		11.493892,
		10.185876,
		11.493892,
		12.06526,
		9.614507,
		10.185876,
		11.493892,
		11.493892,
		11.493892,
		11.493892,
		10.185876,
		11.862367,
		9.614507,
		10.185876,
		10.185876,
		9.614507,
		10.185876,
		10.185876,
		10.185876,
		10.185876,
		10.185876,
		10.185876,
		10.185876,
		10.185876,
		10.185876,
		10.185876,
		9.614507,
		9.614507,
		9.614507,
		9.614507,
		9.614507,
		9.614507,
		9.614507,
		9.614507,
		9.457625]
,

	"b4":[
		9.614507,
		9.614507,
		9.614507,
		9.614507,
		9.408671,
		9.614507,
		9.408671,
		9.408671,
		9.408671,
		9.408671,
		9.408671,
		9.408671,
		9.408671,
		9.408671,
		9.408671,
		9.408671,
		9.408671,
		9.408671,
		9.408671,
		9.408671,
		9.614507,
		9.408671,
		9.408671,
		9.408671,
		9.457625,
		9.457625,
		9.408671,
		9.506578,
		9.457625,
		9.614507,
		9.614507,
		9.457625,
		9.614507,
		9.614507,
		9.614507,
		9.614507,
		9.614507,
		9.614507,
		9.614507,
		9.614507,
		9.614507,
		10.185876,
		9.614507,
		9.614507,
		9.614507,
		9.614507,
		9.614507,
		9.614507,
		10.185876,
		10.185876,
		10.185876,
		9.8174,
		11.862367,
		10.185876,
		10.185876,
		10.185876,
		9.8174,
		11.862367,
		11.862367,
		9.614507,
		10.185876,
		11.493892,
		10.185876,
		11.493892,
		12.06526,
		9.614507,
		10.185876,
		11.493892,
		11.493892,
		11.493892,
		11.493892,
		10.185876,
		11.862367,
		9.614507,
		10.185876,
		10.185876,
		9.614507,
		10.185876,
		10.185876,
		10.185876,
		10.185876,
		10.185876,
		10.185876,
		10.185876,
		10.185876,
		10.185876,
		10.185876,
		9.614507,
		9.614507,
		9.614507,
		9.614507,
		9.614507,
		9.614507,
		9.614507,
		9.614507,
		9.457625]
,

	"b5":[
		9.614507,
		9.614507,
		9.614507,
		9.614507,
		9.408671,
		9.614507,
		9.408671,
		9.408671,
		9.408671,
		9.408671,
		9.408671,
		9.408671,
		9.408671,
		9.408671,
		9.408671,
		9.408671,
		9.408671,
		9.408671,
		9.408671,
		9.408671,
		9.614507,
		9.408671,
		9.408671,
		9.408671,
		9.457625,
		9.457625,
		9.408671,
		9.506578,
		9.457625,
		9.614507,
		9.614507,
		9.457625,
		9.614507,
		9.614507,
		9.614507,
		9.614507,
		9.614507,
		9.614507,
		9.614507,
		9.614507,
		9.614507,
		10.185876,
		9.614507,
		9.614507,
		9.614507,
		9.614507,
		9.614507,
		9.614507,
		10.185876,
		10.185876,
		10.185876,
		9.8174,
		11.862367,
		10.185876,
		10.185876,
		10.185876,
		9.8174,
		11.862367,
		11.862367,
		9.614507,
		10.185876,
		11.493892,
		10.185876,
		11.493892,
		12.06526,
		9.614507,
		10.185876,
		11.493892,
		11.493892,
		11.493892,
		11.493892,
		10.185876,
		11.862367,
		9.614507,
		10.185876,
		10.185876,
		9.614507,
		10.185876,
		10.185876,
		10.185876,
		10.185876,
		10.185876,
		10.185876,
		10.185876,
		10.185876,
		10.185876,
		10.185876,
		9.614507,
		9.614507,
		9.614507,
		9.614507,
		9.614507,
		9.614507,
		9.614507,
		9.614507,
		9.457625]
,

	"b6":[
		9.614507,
		9.614507,
		9.614507,
		9.614507,
		9.408671,
		9.614507,
		9.408671,
		9.408671,
		9.408671,
		9.408671,
		9.408671,
		9.408671,
		9.408671,
		9.408671,
		9.408671,
		9.408671,
		9.408671,
		9.408671,
		9.408671,
		9.408671,
		9.614507,
		9.408671,
		9.408671,
		9.408671,
		9.457625,
		9.457625,
		9.408671,
		9.506578,
		9.457625,
		9.614507,
		9.614507,
		9.457625,
		9.614507,
		9.614507,
		9.614507,
		9.614507,
		9.614507,
		9.614507,
		9.614507,
		9.614507,
		9.614507,
		10.185876,
		9.614507,
		9.614507,
		9.614507,
		9.614507,
		9.614507,
		9.614507,
		10.185876,
		10.185876,
		10.185876,
		9.8174,
		11.862367,
		10.185876,
		10.185876,
		10.185876,
		9.8174,
		11.862367,
		11.862367,
		9.614507,
		10.185876,
		11.493892,
		10.185876,
		11.493892,
		12.06526,
		9.614507,
		10.185876,
		11.493892,
		11.493892,
		11.493892,
		11.493892,
		10.185876,
		11.862367,
		9.614507,
		10.185876,
		10.185876,
		9.614507,
		10.185876,
		10.185876,
		10.185876,
		10.185876,
		10.185876,
		10.185876,
		10.185876,
		10.185876,
		10.185876,
		10.185876,
		9.614507,
		9.614507,
		9.614507,
		9.614507,
		9.614507,
		9.614507,
		9.614507,
		9.614507,
		9.457625]
,