{
"LMPs": {
	"b1":[
		2480.976822,
		2500.0,
		9.614507,
		9.408671,
		9.408671,
		2480.976822,
		2500.0,
		9.408671,
		9.408671,
		9.614507,
		9.408671,
		9.408671,
		9.408671,
		9.408671,
		9.408671,
		9.408671,
		2480.976822,
		2500.0,
		9.614507,
		9.408671,
		9.408671,
		9.408671,
		9.408671,
		9.614507,
		9.408671,
		2480.976822,
		2500.0,
		9.614507,
		2480.976822,
		2500.0,
		9.614507,
		9.614507,
		9.614507,
		2500.0,
		4971.362314,
		2500.0,
		2500.0,
		7461.747807,
		2500.0,
		2500.0,
		9.614507,
		2500.0,
		4971.156478,
		2500.0,
		2500.0,
		2480.976822,
		2468.387948,
		2500.0,
		9.614507,
		9.614507,
		9.614507,
		2500.0,
		2500.0,
		2480.976822,
		9.614507,
		9.614507,
		2500.0,
		13.296712,
		2500.0,
		9.614507,
		2500.0,
		2475.209396,
		13.296712,
		9.614507,
		16.978917,
		2500.0,
		2500.0,
		13.296712,
		9.614507,
		15.176097,
		2500.0,
		2500.0,
		4961.912684,
		2480.976822,
		2500.0,
		9.614507,
		2500.0,
		9.614507,
		2500.0,
		4961.912684,
		2500.0,
		2466.653296,
		2500.0,
		9.614507,
		9.614507,
		9.614507,
		2480.976822,
		2500.0,
		9.614507,
		2500.0,
		2480.976822,
		9.457625,
		9.408671,
		9.614507,
		2500.0,
		9.614507]
,

	"b2":[
		2480.976822,
		2500.0,
		9.614507,
		9.408671,
		9.408671,
		2480.976822,
		2500.0,
		9.408671,
		9.408671,
		9.614507,
		9.408671,
		9.408671,
		9.408671,
		9.408671,
		9.408671,
		9.408671,
		2480.976822,
		2500.0,
		9.614507,
		9.408671,
		9.408671,
		9.408671,
		9.408671,
		9.614507,
		9.408671,
		2480.976822,
		2500.0,
		9.614507,
		2480.976822,
		2500.0,
		9.614507,
		9.614507,
		9.614507,
		2500.0,
		4971.362314,
		2500.0,
		2500.0,
		7461.747807,
		2500.0,
		2500.0,
		9.614507,
		2500.0,
		4971.156478,
		2500.0,
		2500.0,
		2480.976822,
		2468.387948,
		2500.0,
		9.614507,
		9.614507,
		9.614507,
		2500.0,
		2500.0,
		2480.976822,
		9.614507,
		9.614507,
		2500.0,
		13.296712,
		2500.0,
		9.614507,
		2500.0,
		2475.209396,
		13.296712,
		9.614507,
		16.978917,
		2500.0,
		2500.0,
		13.296712,
		9.614507,
		15.176097,
		2500.0,
		2500.0,
		4961.912684,
		2480.976822,
		2500.0,
		9.614507,
		2500.0,
		9.614507,
		2500.0,
		4961.912684,
		2500.0,
		2466.653296,
		2500.0,
		9.614507,
		9.614507,
		9.614507,
		2480.976822,
		2500.0,
		9.614507,
		2500.0,
		2480.976822,
		9.457625,
		9.408671,
		9.614507,
		2500.0,
		9.614507]
,

	"b3":[
		2480.976822,
		2500.0,
		9.614507,
		9.408671,
		9.408671,
		2480.976822,
		2500.0,
		9.408671,
		9.408671,
		9.614507,
		9.408671,
		9.408671,
		9.408671,
		9.408671,
		9.408671,
		9.408671,
		2480.976822,
		2500.0,
		9.614507,
		9.408671,
		9.408671,
		9.408671,
		9.408671,
		9.614507,
		9.408671,
		2480.976822,
		2500.0,
		9.614507,
		2480.976822,
		2500.0,
		9.614507,
		9.614507,
		9.614507,
		2500.0,
		4971.362314,
		2500.0,
		2500.0,
		7461.747807,
		2500.0,
		2500.0,
		9.614507,
		2500.0,
		4971.156478,
		2500.0,
		2500.0,
		2480.976822,
		2468.387948,
		2500.0,
		9.614507,
		9.614507,
		9.614507,
		2500.0,
		2500.0,
		2480.976822,
		9.614507,
		9.614507,
		2500.0,
		13.296712,
		2500.0,
		9.614507,
		2500.0,
		2475.209396,
		13.296712,
		9.614507,
		16.978917,
		2500.0,
		2500.0,
		13.296712,
		9.614507,
		15.176097,
		2500.0,
		2500.0,
		4961.912684,
		2480.976822,
		2500.0,
		9.614507,
		2500.0,
		9.614507,
		2500.0,
		4961.912684,
		2500.0,
		2466.653296,
		2500.0,
		9.614507,
		9.614507,
		9.614507,
		2480.976822,
		2500.0,
		9.614507,
		2500.0,
		2480.976822,
		9.457625,
		9.408671,
		9.614507,
		2500.0,
		9.614507]
,

	"b4":[
		2480.976822,
		2500.0,
		9.614507,
		9.408671,
		9.408671,
		2480.976822,
		2500.0,
		9.408671,
		9.408671,
		9.614507,
		9.408671,
		9.408671,
		9.408671,
		9.408671,
		9.408671,
		9.408671,
		2480.976822,
		2500.0,
		9.614507,
		9.408671,
		9.408671,
		9.408671,
		9.408671,
		9.614507,
		9.408671,
		2480.976822,
		2500.0,
		9.614507,
		2480.976822,
		2500.0,
		9.614507,
		9.614507,
		9.614507,
		2500.0,
		4971.362314,
		2500.0,
		2500.0,
		7461.747807,
		2500.0,
		2500.0,
		9.614507,
		2500.0,
		4971.156478,
		2500.0,
		2500.0,
		2480.976822,
		2468.387948,
		2500.0,
		9.614507,
		9.614507,
		9.614507,
		2500.0,
		2500.0,
		2480.976822,
		9.614507,
		9.614507,
		2500.0,
		13.296712,
		2500.0,
		9.614507,
		2500.0,
		2475.209396,
		13.296712,
		9.614507,
		16.978917,
		2500.0,
		2500.0,
		13.296712,
		9.614507,
		15.176097,
		2500.0,
		2500.0,
		4961.912684,
		2480.976822,
		2500.0,
		9.614507,
		2500.0,
		9.614507,
		2500.0,
		4961.912684,
		2500.0,
		2466.653296,
		2500.0,
		9.614507,
		9.614507,
		9.614507,
		2480.976822,
		2500.0,
		9.614507,
		2500.0,
		2480.976822,
		9.457625,
		9.408671,
		9.614507,
		2500.0,
		9.614507]
,

	"b5":[
		2480.976822,
		2500.0,
		9.614507,
		9.408671,
		9.408671,
		2480.976822,
		2500.0,
		9.408671,
		9.408671,
		9.614507,
		9.408671,
		9.408671,
		9.408671,
		9.408671,
		9.408671,
		9.408671,
		2480.976822,
		2500.0,
		9.614507,
		9.408671,
		9.408671,
		9.408671,
		9.408671,
		9.614507,
		9.408671,
		2480.976822,
		2500.0,
		9.614507,
		2480.976822,
		2500.0,
		9.614507,
		9.614507,
		9.614507,
		2500.0,
		4971.362314,
		2500.0,
		2500.0,
		7461.747807,
		2500.0,
		2500.0,
		9.614507,
		2500.0,
		4971.156478,
		2500.0,
		2500.0,
		2480.976822,
		2468.387948,
		2500.0,
		9.614507,
		9.614507,
		9.614507,
		2500.0,
		2500.0,
		2480.976822,
		9.614507,
		9.614507,
		2500.0,
		13.296712,
		2500.0,
		9.614507,
		2500.0,
		2475.209396,
		13.296712,
		9.614507,
		16.978917,
		2500.0,
		2500.0,
		13.296712,
		9.614507,
		15.176097,
		2500.0,
		2500.0,
		4961.912684,
		2480.976822,
		2500.0,
		9.614507,
		2500.0,
		9.614507,
		2500.0,
		4961.912684,
		2500.0,
		2466.653296,
		2500.0,
		9.614507,
		9.614507,
		9.614507,
		2480.976822,
		2500.0,
		9.614507,
		2500.0,
		2480.976822,
		9.457625,
		9.408671,
		9.614507,
		2500.0,
		9.614507]
,

	"b6":[
		2480.976822,
		2500.0,
		9.614507,
		9.408671,
		9.408671,
		2480.976822,
		2500.0,
		9.408671,
		9.408671,
		9.614507,
		9.408671,
		9.408671,
		9.408671,
		9.408671,
		9.408671,
		9.408671,
		2480.976822,
		2500.0,
		9.614507,
		9.408671,
		9.408671,
		9.408671,
		9.408671,
		9.614507,
		9.408671,
		2480.976822,
		2500.0,
		9.614507,
		2480.976822,
		2500.0,
		9.614507,
		9.614507,
		9.614507,
		2500.0,
		4971.362314,
		2500.0,
		2500.0,
		7461.747807,
		2500.0,
		2500.0,
		9.614507,
		2500.0,
		4971.156478,
		2500.0,
		2500.0,
		2480.976822,
		2468.387948,
		2500.0,
		9.614507,
		9.614507,
		9.614507,
		2500.0,
		2500.0,
		2480.976822,
		9.614507,
		9.614507,
		2500.0,
		13.296712,
		2500.0,
		9.614507,
		2500.0,
		2475.209396,
		13.296712,
		9.614507,
		16.978917,
		2500.0,
		2500.0,
		13.296712,
		9.614507,
		15.176097,
		2500.0,
		2500.0,
		4961.912684,
		2480.976822,
		2500.0,
		9.614507,
		2500.0,
		9.614507,
		2500.0,
		4961.912684,
		2500.0,
		2466.653296,
		2500.0,
		9.614507,
		9.614507,
		9.614507,
		2480.976822,
		2500.0,
		9.614507,
		2500.0,
		2480.976822,
		9.457625,
		9.408671,
		9.614507,
		2500.0,
		9.614507]
,