{
"LMPs": {
	"b1":[
		2480.976822,
		2500.0,
		9.614507,
		9.408671,
		9.408671,
		9.408671,
		9.614507,
		2500.0,
		2481.182658,
		9.408671,
		9.614507,
		9.614507,
		2500.0,
		2481.182658,
		9.408671,
		9.408671,
		9.408671,
		9.614507,
		9.408671,
		9.614507,
		9.614507,
		9.614507,
		9.408671,
		9.408671,
		9.614507,
		9.408671,
		2500.0,
		4971.362314,
		2500.0,
		2500.0,
		2480.976822,
		9.614507,
		2480.976822,
		2500.0,
		2500.0,
		2500.0,
		9.614507,
		9.614507,
		10.185876,
		9.614507,
		9.614507,
		9.614507,
		2480.3565,
		2500.0,
		10.757244,
		9.614507,
		2479.628249,
		2500.0,
		9.614507,
		12.06526,
		9.614507,
		17.055481,
		9.614507,
		11.493892,
		9.614507,
		15.176097,
		2475.209396,
		2500.0,
		13.296712,
		11.493892,
		2500.0,
		4971.362314,
		2500.0,
		2500.0,
		9.614507,
		2500.0,
		9.614507,
		9.614507,
		13.296712,
		11.493892,
		9.614507,
		2500.0,
		4960.033299,
		2500.0,
		16.978917,
		9.614507,
		2500.0,
		2472.758643,
		9.043139,
		10.185876,
		2500.0,
		4971.362314,
		2500.0,
		2500.0,
		4971.362314,
		2500.0,
		22.20338,
		9.614507,
		9.614507,
		2500.0,
		2480.307546,
		9.408671,
		9.408671,
		9.408671,
		2500.0,
		2480.976822]
,

	"b2":[
		2480.976822,
		2500.0,
		9.614507,
		9.408671,
		9.408671,
		9.408671,
		9.614507,
		2500.0,
		2481.182658,
		9.408671,
		9.614507,
		9.614507,
		2500.0,
		2481.182658,
		9.408671,
		9.408671,
		9.408671,
		9.614507,
		9.408671,
		9.614507,
		9.614507,
		9.614507,
		9.408671,
		9.408671,
		9.614507,
		9.408671,
		2500.0,
		4971.362314,
		2500.0,
		2500.0,
		2480.976822,
		9.614507,
		2480.976822,
		2500.0,
		2500.0,
		2500.0,
		9.614507,
		9.614507,
		10.185876,
		9.614507,
		9.614507,
		9.614507,
		2480.3565,
		2500.0,
		10.757244,
		9.614507,
		2479.628249,
		2500.0,
		9.614507,
		12.06526,
		9.614507,
		17.055481,
		9.614507,
		11.493892,
		9.614507,
		15.176097,
		2475.209396,
		2500.0,
		13.296712,
		11.493892,
		2500.0,
		4971.362314,
		2500.0,
		2500.0,
		9.614507,
		2500.0,
		9.614507,
		9.614507,
		13.296712,
		11.493892,
		9.614507,
		2500.0,
		4960.033299,
		2500.0,
		16.978917,
		9.614507,
		2500.0,
		2472.758643,
		9.043139,
		10.185876,
		2500.0,
		4971.362314,
		2500.0,
		2500.0,
		4971.362314,
		2500.0,
		22.20338,
		9.614507,
		9.614507,
		2500.0,
		2480.307546,
		9.408671,
		9.408671,
		9.408671,
		2500.0,
		2480.976822]
,

	"b3":[
		2480.976822,
		2500.0,
		9.614507,
		9.408671,
		9.408671,
		9.408671,
		9.614507,
		2500.0,
		2481.182658,
		9.408671,
		9.614507,
		9.614507,
		2500.0,
		2481.182658,
		9.408671,
		9.408671,
		9.408671,
		9.614507,
		9.408671,
		9.614507,
		9.614507,
		9.614507,
		9.408671,
		9.408671,
		9.614507,
		9.408671,
		2500.0,
		4971.362314,
		2500.0,
		2500.0,
		2480.976822,
		9.614507,
		2480.976822,
		2500.0,
		2500.0,
		2500.0,
		9.614507,
		9.614507,
		10.185876,
		9.614507,
		9.614507,
		9.614507,
		2480.3565,
		2500.0,
		10.757244,
		9.614507,
		2479.628249,
		2500.0,
		9.614507,
		12.06526,
		9.614507,
		17.055481,
		9.614507,
		11.493892,
		9.614507,
		15.176097,
		2475.209396,
		2500.0,
		13.296712,
		11.493892,
		2500.0,
		4971.362314,
		2500.0,
		2500.0,
		9.614507,
		2500.0,
		9.614507,
		9.614507,
		13.296712,
		11.493892,
		9.614507,
		2500.0,
		4960.033299,
		2500.0,
		16.978917,
		9.614507,
		2500.0,
		2472.758643,
		9.043139,
		10.185876,
		2500.0,
		4971.362314,
		2500.0,
		2500.0,
		4971.362314,
		2500.0,
		22.20338,
		9.614507,
		9.614507,
		2500.0,
		2480.307546,
		9.408671,
		9.408671,
		9.408671,
		2500.0,
		2480.976822]
,

	"b4":[
		2480.976822,
		2500.0,
		9.614507,
		9.408671,
		9.408671,
		9.408671,
		9.614507,
		2500.0,
		2481.182658,
		9.408671,
		9.614507,
		9.614507,
		2500.0,
		2481.182658,
		9.408671,
		9.408671,
		9.408671,
		9.614507,
		9.408671,
		9.614507,
		9.614507,
		9.614507,
		9.408671,
		9.408671,
		9.614507,
		9.408671,
		2500.0,
		4971.362314,
		2500.0,
		2500.0,
		2480.976822,
		9.614507,
		2480.976822,
		2500.0,
		2500.0,
		2500.0,
		9.614507,
		9.614507,
		10.185876,
		9.614507,
		9.614507,
		9.614507,
		2480.3565,
		2500.0,
		10.757244,
		9.614507,
		2479.628249,
		2500.0,
		9.614507,
		12.06526,
		9.614507,
		17.055481,
		9.614507,
		11.493892,
		9.614507,
		15.176097,
		2475.209396,
		2500.0,
		13.296712,
		11.493892,
		2500.0,
		4971.362314,
		2500.0,
		2500.0,
		9.614507,
		2500.0,
		9.614507,
		9.614507,
		13.296712,
		11.493892,
		9.614507,
		2500.0,
		4960.033299,
		2500.0,
		16.978917,
		9.614507,
		2500.0,
		2472.758643,
		9.043139,
		10.185876,
		2500.0,
		4971.362314,
		2500.0,
		2500.0,
		4971.362314,
		2500.0,
		22.20338,
		9.614507,
		9.614507,
		2500.0,
		2480.307546,
		9.408671,
		9.408671,
		9.408671,
		2500.0,
		2480.976822]
,

	"b5":[
		2480.976822,
		2500.0,
		9.614507,
		9.408671,
		9.408671,
		9.408671,
		9.614507,
		2500.0,
		2481.182658,
		9.408671,
		9.614507,
		9.614507,
		2500.0,
		2481.182658,
		9.408671,
		9.408671,
		9.408671,
		9.614507,
		9.408671,
		9.614507,
		9.614507,
		9.614507,
		9.408671,
		9.408671,
		9.614507,
		9.408671,
		2500.0,
		4971.362314,
		2500.0,
		2500.0,
		2480.976822,
		9.614507,
		2480.976822,
		2500.0,
		2500.0,
		2500.0,
		9.614507,
		9.614507,
		10.185876,
		9.614507,
		9.614507,
		9.614507,
		2480.3565,
		2500.0,
		10.757244,
		9.614507,
		2479.628249,
		2500.0,
		9.614507,
		12.06526,
		9.614507,
		17.055481,
		9.614507,
		11.493892,
		9.614507,
		15.176097,
		2475.209396,
		2500.0,
		13.296712,
		11.493892,
		2500.0,
		4971.362314,
		2500.0,
		2500.0,
		9.614507,
		2500.0,
		9.614507,
		9.614507,
		13.296712,
		11.493892,
		9.614507,
		2500.0,
		4960.033299,
		2500.0,
		16.978917,
		9.614507,
		2500.0,
		2472.758643,
		9.043139,
		10.185876,
		2500.0,
		4971.362314,
		2500.0,
		2500.0,
		4971.362314,
		2500.0,
		22.20338,
		9.614507,
		9.614507,
		2500.0,
		2480.307546,
		9.408671,
		9.408671,
		9.408671,
		2500.0,
		2480.976822]
,

	"b6":[
		2480.976822,
		2500.0,
		9.614507,
		9.408671,
		9.408671,
		9.408671,
		9.614507,
		2500.0,
		2481.182658,
		9.408671,
		9.614507,
		9.614507,
		2500.0,
		2481.182658,
		9.408671,
		9.408671,
		9.408671,
		9.614507,
		9.408671,
		9.614507,
		9.614507,
		9.614507,
		9.408671,
		9.408671,
		9.614507,
		9.408671,
		2500.0,
		4971.362314,
		2500.0,
		2500.0,
		2480.976822,
		9.614507,
		2480.976822,
		2500.0,
		2500.0,
		2500.0,
		9.614507,
		9.614507,
		10.185876,
		9.614507,
		9.614507,
		9.614507,
		2480.3565,
		2500.0,
		10.757244,
		9.614507,
		2479.628249,
		2500.0,
		9.614507,
		12.06526,
		9.614507,
		17.055481,
		9.614507,
		11.493892,
		9.614507,
		15.176097,
		2475.209396,
		2500.0,
		13.296712,
		11.493892,
		2500.0,
		4971.362314,
		2500.0,
		2500.0,
		9.614507,
		2500.0,
		9.614507,
		9.614507,
		13.296712,
		11.493892,
		9.614507,
		2500.0,
		4960.033299,
		2500.0,
		16.978917,
		9.614507,
		2500.0,
		2472.758643,
		9.043139,
		10.185876,
		2500.0,
		4971.362314,
		2500.0,
		2500.0,
		4971.362314,
		2500.0,
		22.20338,
		9.614507,
		9.614507,
		2500.0,
		2480.307546,
		9.408671,
		9.408671,
		9.408671,
		2500.0,
		2480.976822]
,