{
"Average LMPs":{
	"DAMC_s5":[
		9.552756200000001,
		9.573339800000003,
		258.61188909999987,
		256.7883690999999,
		9.389855899999999,
		9.3692722,
		9.408671,
		9.408671,
		9.408671,
		9.408671,
		9.369272200000001,
		9.487468699999999,
		9.369272200000001,
		9.3898558,
		9.432918099999998,
		9.408671,
		9.408671,
		9.408671,
		9.408671,
		9.408671,
		256.5860697000001,
		258.46780390000004,
		9.4292546,
		9.3692722,
		9.528635999999999,
		9.4704219,
		9.431023,
		9.431023,
		9.5321727,
		9.633322300000001,
		9.5133574,
		9.653905900000002,
		9.551754200000003,
		9.504689600000004,
		9.484106000000004,
		9.567442400000003,
		9.578235200000002,
		9.614507000000001,
		9.614507000000001,
		9.614507000000001,
		9.619683900000002,
		9.578235200000002,
		9.614507000000001,
		9.583130600000002,
		9.645883600000001,
		9.655955700000003,
		9.687332200000002,
		9.613772700000002,
		9.801435900000003,
		10.054997900000002,
		256.7098657,
		259.10439970000004,
		10.337836500000003,
		9.900191500000004,
		9.869549300000003,
		10.010703700000004,
		10.249187700000002,
		10.543521400000003,
		10.986116200000001,
		10.396547400000003,
		10.507059700000003,
		10.349763400000004,
		9.869549300000003,
		10.651589700000004,
		10.067454600000001,
		10.369667000000003,
		10.604775400000003,
		10.265745900000002,
		10.370052800000005,
		257.0385382999999,
		259.2467725,
		259.58583209999995,
		256.9205029999999,
		9.832701700000003,
		10.658181000000003,
		9.618268500000003,
		9.816559800000004,
		10.345616000000003,
		9.812412400000003,
		9.686597800000003,
		10.170921900000002,
		10.040959900000002,
		10.774611900000005,
		10.040959800000003,
		9.645149100000001,
		10.171761500000002,
		9.598818800000002,
		258.8694955999998,
		256.63879599999984,
		9.598818900000001,
		9.622529500000002,
		9.538836500000002,
		9.531170600000003,
		9.490003400000003,
		256.7036738999999,
		258.56482449999993
	],
	"DAMC_nf_s5":[
		9.552756200000001,
		9.573339800000003,
		258.61188909999987,
		256.7883690999999,
		9.389855899999999,
		9.3692722,
		9.408671,
		9.408671,
		9.408671,
		9.408671,
		9.369272200000001,
		9.487468699999999,
		9.369272200000001,
		9.3898558,
		9.432918099999998,
		9.408671,
		9.408671,
		9.408671,
		9.408671,
		9.408671,
		256.5860697000001,
		258.46780390000004,
		9.4292546,
		9.3692722,
		9.528635999999999,
		9.4704219,
		9.431023,
		9.431023,
		9.5321727,
		9.633322300000001,
		9.5133574,
		9.653905900000002,
		9.551754200000003,
		9.504689600000004,
		9.484106000000004,
		9.567442400000003,
		9.578235200000002,
		9.614507000000001,
		9.614507000000001,
		9.614507000000001,
		9.619683900000002,
		9.578235200000002,
		9.614507000000001,
		9.583130600000002,
		9.645883600000001,
		9.655955700000003,
		9.687332200000002,
		9.613772700000002,
		9.801435900000003,
		10.054997900000002,
		256.7098657,
		259.10439970000004,
		10.337836500000003,
		9.900191500000004,
		9.869549300000003,
		10.010703700000004,
		10.249187700000002,
		10.543521400000003,
		10.986116200000001,
		10.396547400000003,
		10.507059700000003,
		10.349763400000004,
		9.869549300000003,
		10.651589700000004,
		10.067454600000001,
		10.369667000000003,
		10.604775400000003,
		10.265745900000002,
		10.370052800000005,
		257.0385382999999,
		259.2467725,
		259.58583209999995,
		256.9205029999999,
		9.832701700000003,
		10.658181000000003,
		9.618268500000003,
		9.816559800000004,
		10.345616000000003,
		9.812412400000003,
		9.686597800000003,
		10.170921900000002,
		10.040959900000002,
		10.774611900000005,
		10.040959800000003,
		9.645149100000001,
		10.171761500000002,
		9.598818800000002,
		258.8694955999998,
		256.63879599999984,
		9.598818900000001,
		9.622529500000002,
		9.538836500000002,
		9.531170600000003,
		9.490003400000003,
		256.7036738999999,
		258.56482449999993
	],
	"DAMC_s10":[
		9.552756200000001,
		9.573339800000003,
		258.61188909999987,
		256.7883690999999,
		9.389855899999999,
		9.3692722,
		9.408671,
		9.408671,
		9.408671,
		9.408671,
		9.369272200000001,
		9.487468699999999,
		9.369272200000001,
		9.3898558,
		9.432918099999998,
		9.408671,
		9.408671,
		9.408671,
		9.408671,
		9.408671,
		256.5860697000001,
		258.46780390000004,
		9.4292546,
		9.408671,
		9.4184618,
		9.4184619,
		9.423357200000002,
		9.418461800000001,
		9.447834000000002,
		9.463522300000003,
		9.490003400000003,
		9.458627000000003,
		9.551754200000003,
		9.504689600000004,
		9.484106000000004,
		9.567442400000003,
		9.578235200000002,
		9.614507000000001,
		9.614507000000001,
		9.614507000000001,
		9.739587300000002,
		9.754541300000003,
		9.630195300000002,
		9.671643900000003,
		9.630195300000002,
		9.655955700000003,
		9.687332200000002,
		9.613772700000002,
		9.801435900000003,
		10.054997900000002,
		256.7098657,
		259.10439970000004,
		10.337836500000003,
		9.900191500000004,
		9.869549300000003,
		10.010703700000004,
		10.249187700000002,
		10.543521400000003,
		10.986116200000001,
		10.396547400000003,
		10.507059700000003,
		10.349763400000004,
		9.869549300000003,
		10.651589700000004,
		10.067454600000001,
		10.369667000000003,
		10.604775400000003,
		10.265745900000002,
		10.370052800000005,
		257.0385382999999,
		259.2467725,
		259.7054898,
		256.6134061999999,
		9.671643900000003,
		10.139870100000001,
		9.418467800000002,
		9.880643900000003,
		10.168643300000003,
		9.792622500000002,
		9.728780800000003,
		9.785917700000002,
		9.728780800000003,
		10.010317800000003,
		9.830211900000002,
		9.538836400000003,
		9.8212285,
		9.523148200000003,
		9.731626400000001,
		9.533941000000002,
		9.598818900000001,
		9.611736500000003,
		9.523148200000003,
		9.604716300000002,
		9.533941000000002,
		256.7695536999998,
		258.6530562999998
	],
	"DAMC_nf_s10":[
		9.552756200000001,
		9.573339800000003,
		258.61188909999987,
		256.7883690999999,
		9.389855899999999,
		9.3692722,
		9.408671,
		9.408671,
		9.408671,
		9.408671,
		9.369272200000001,
		9.487468699999999,
		9.369272200000001,
		9.3898558,
		9.432918099999998,
		9.408671,
		9.408671,
		9.408671,
		9.408671,
		9.408671,
		256.5860697000001,
		258.46780390000004,
		9.4292546,
		9.408671,
		9.4480698,
		9.408671,
		9.3898558,
		9.3692722,
		9.4498383,
		9.4892371,
		9.431023,
		9.468653499999999,
		9.533941000000002,
		9.612738700000001,
		9.533941000000002,
		9.612738700000001,
		9.593923400000001,
		9.755275500000002,
		9.614507000000001,
		9.614507000000001,
		9.619683900000002,
		9.578235200000002,
		9.614507000000001,
		9.583130600000002,
		9.645883600000001,
		9.655955700000003,
		9.687332200000002,
		9.613772700000002,
		9.801435900000003,
		10.054997900000002,
		256.7098657,
		259.10439970000004,
		10.337836500000003,
		9.900191500000004,
		9.869549300000003,
		10.010703700000004,
		10.249187700000002,
		10.543521400000003,
		10.986116200000001,
		10.396547400000003,
		10.507059700000003,
		10.349763400000004,
		9.869549300000003,
		10.651589700000004,
		10.067454600000001,
		10.369667000000003,
		10.604775400000003,
		10.265745900000002,
		10.370052800000005,
		257.0385382999999,
		259.2467725,
		259.7054898,
		256.6134061999999,
		9.671643900000003,
		10.139870100000001,
		9.462762000000001,
		10.278769700000002,
		11.614455200000004,
		10.081250200000003,
		10.017022600000002,
		10.157791100000003,
		10.0170226,
		10.962822300000001,
		10.036812500000002,
		9.675503200000001,
		9.980061500000001,
		9.494542200000001,
		9.915653000000002,
		9.553511000000002,
		9.593923500000002,
		258.5930738999999,
		256.8295363,
		9.473958600000001,
		9.472190200000002,
		256.7489701999999,
		258.57072189999997
	],