{
"LMPs": {
	"b1":[
		9.614507,
		9.408671,
		9.614507,
		9.614507,
		9.408671,
		9.408671,
		9.408671,
		9.408671,
		9.408671,
		9.408671,
		9.408671,
		9.614507,
		9.408671,
		9.408671,
		9.408671,
		9.408671,
		9.408671,
		9.408671,
		9.408671,
		9.408671,
		9.408671,
		9.408671,
		9.614507,
		9.408671,
		9.614507,
		9.408671,
		9.408671,
		9.614507,
		9.614507,
		9.614507,
		9.614507,
		9.614507,
		9.614507,
		9.614507,
		9.614507,
		9.614507,
		9.614507,
		9.614507,
		9.614507,
		9.614507,
		9.614507,
		9.614507,
		9.614507,
		9.614507,
		2500.0,
		2477.177496,
		10.757244,
		9.614507,
		10.185876,
		10.185876,
		10.185876,
		9.614507,
		15.252661,
		9.614507,
		10.185876,
		11.493892,
		11.493892,
		9.614507,
		12.636629,
		9.614507,
		11.493892,
		9.614507,
		15.176097,
		9.614507,
		20.661122,
		9.614507,
		15.176097,
		9.614507,
		2469.724371,
		2500.0,
		9.614507,
		15.176097,
		9.614507,
		11.493892,
		9.614507,
		19.506234,
		9.614507,
		9.614507,
		9.614507,
		10.185876,
		12.06526,
		9.614507,
		10.185876,
		12.06526,
		9.614507,
		9.614507,
		9.614507,
		9.614507,
		9.614507,
		9.614507,
		9.614507,
		9.614507,
		9.614507,
		9.614507,
		9.614507,
		9.614507]
,

	"b2":[
		9.614507,
		9.408671,
		9.614507,
		9.614507,
		9.408671,
		9.408671,
		9.408671,
		9.408671,
		9.408671,
		9.408671,
		9.408671,
		9.614507,
		9.408671,
		9.408671,
		9.408671,
		9.408671,
		9.408671,
		9.408671,
		9.408671,
		9.408671,
		9.408671,
		9.408671,
		9.614507,
		9.408671,
		9.614507,
		9.408671,
		9.408671,
		9.614507,
		9.614507,
		9.614507,
		9.614507,
		9.614507,
		9.614507,
		9.614507,
		9.614507,
		9.614507,
		9.614507,
		9.614507,
		9.614507,
		9.614507,
		9.614507,
		9.614507,
		9.614507,
		9.614507,
		2500.0,
		2477.177496,
		10.757244,
		9.614507,
		10.185876,
		10.185876,
		10.185876,
		9.614507,
		15.252661,
		9.614507,
		10.185876,
		11.493892,
		11.493892,
		9.614507,
		12.636629,
		9.614507,
		11.493892,
		9.614507,
		15.176097,
		9.614507,
		20.661122,
		9.614507,
		15.176097,
		9.614507,
		2469.724371,
		2500.0,
		9.614507,
		15.176097,
		9.614507,
		11.493892,
		9.614507,
		19.506234,
		9.614507,
		9.614507,
		9.614507,
		10.185876,
		12.06526,
		9.614507,
		10.185876,
		12.06526,
		9.614507,
		9.614507,
		9.614507,
		9.614507,
		9.614507,
		9.614507,
		9.614507,
		9.614507,
		9.614507,
		9.614507,
		9.614507,
		9.614507]
,

	"b3":[
		9.614507,
		9.408671,
		9.614507,
		9.614507,
		9.408671,
		9.408671,
		9.408671,
		9.408671,
		9.408671,
		9.408671,
		9.408671,
		9.614507,
		9.408671,
		9.408671,
		9.408671,
		9.408671,
		9.408671,
		9.408671,
		9.408671,
		9.408671,
		9.408671,
		9.408671,
		9.614507,
		9.408671,
		9.614507,
		9.408671,
		9.408671,
		9.614507,
		9.614507,
		9.614507,
		9.614507,
		9.614507,
		9.614507,
		9.614507,
		9.614507,
		9.614507,
		9.614507,
		9.614507,
		9.614507,
		9.614507,
		9.614507,
		9.614507,
		9.614507,
		9.614507,
		2500.0,
		2477.177496,
		10.757244,
		9.614507,
		10.185876,
		10.185876,
		10.185876,
		9.614507,
		15.252661,
		9.614507,
		10.185876,
		11.493892,
		11.493892,
		9.614507,
		12.636629,
		9.614507,
		11.493892,
		9.614507,
		15.176097,
		9.614507,
		20.661122,
		9.614507,
		15.176097,
		9.614507,
		2469.724371,
		2500.0,
		9.614507,
		15.176097,
		9.614507,
		11.493892,
		9.614507,
		19.506234,
		9.614507,
		9.614507,
		9.614507,
		10.185876,
		12.06526,
		9.614507,
		10.185876,
		12.06526,
		9.614507,
		9.614507,
		9.614507,
		9.614507,
		9.614507,
		9.614507,
		9.614507,
		9.614507,
		9.614507,
		9.614507,
		9.614507,
		9.614507]
,

	"b4":[
		9.614507,
		9.408671,
		9.614507,
		9.614507,
		9.408671,
		9.408671,
		9.408671,
		9.408671,
		9.408671,
		9.408671,
		9.408671,
		9.614507,
		9.408671,
		9.408671,
		9.408671,
		9.408671,
		9.408671,
		9.408671,
		9.408671,
		9.408671,
		9.408671,
		9.408671,
		9.614507,
		9.408671,
		9.614507,
		9.408671,
		9.408671,
		9.614507,
		9.614507,
		9.614507,
		9.614507,
		9.614507,
		9.614507,
		9.614507,
		9.614507,
		9.614507,
		9.614507,
		9.614507,
		9.614507,
		9.614507,
		9.614507,
		9.614507,
		9.614507,
		9.614507,
		2500.0,
		2477.177496,
		10.757244,
		9.614507,
		10.185876,
		10.185876,
		10.185876,
		9.614507,
		15.252661,
		9.614507,
		10.185876,
		11.493892,
		11.493892,
		9.614507,
		12.636629,
		9.614507,
		11.493892,
		9.614507,
		15.176097,
		9.614507,
		20.661122,
		9.614507,
		15.176097,
		9.614507,
		2469.724371,
		2500.0,
		9.614507,
		15.176097,
		9.614507,
		11.493892,
		9.614507,
		19.506234,
		9.614507,
		9.614507,
		9.614507,
		10.185876,
		12.06526,
		9.614507,
		10.185876,
		12.06526,
		9.614507,
		9.614507,
		9.614507,
		9.614507,
		9.614507,
		9.614507,
		9.614507,
		9.614507,
		9.614507,
		9.614507,
		9.614507,
		9.614507]
,

	"b5":[
		9.614507,
		9.408671,
		9.614507,
		9.614507,
		9.408671,
		9.408671,
		9.408671,
		9.408671,
		9.408671,
		9.408671,
		9.408671,
		9.614507,
		9.408671,
		9.408671,
		9.408671,
		9.408671,
		9.408671,
		9.408671,
		9.408671,
		9.408671,
		9.408671,
		9.408671,
		9.614507,
		9.408671,
		9.614507,
		9.408671,
		9.408671,
		9.614507,
		9.614507,
		9.614507,
		9.614507,
		9.614507,
		9.614507,
		9.614507,
		9.614507,
		9.614507,
		9.614507,
		9.614507,
		9.614507,
		9.614507,
		9.614507,
		9.614507,
		9.614507,
		9.614507,
		2500.0,
		2477.177496,
		10.757244,
		9.614507,
		10.185876,
		10.185876,
		10.185876,
		9.614507,
		15.252661,
		9.614507,
		10.185876,
		11.493892,
		11.493892,
		9.614507,
		12.636629,
		9.614507,
		11.493892,
		9.614507,
		15.176097,
		9.614507,
		20.661122,
		9.614507,
		15.176097,
		9.614507,
		2469.724371,
		2500.0,
		9.614507,
		15.176097,
		9.614507,
		11.493892,
		9.614507,
		19.506234,
		9.614507,
		9.614507,
		9.614507,
		10.185876,
		12.06526,
		9.614507,
		10.185876,
		12.06526,
		9.614507,
		9.614507,
		9.614507,
		9.614507,
		9.614507,
		9.614507,
		9.614507,
		9.614507,
		9.614507,
		9.614507,
		9.614507,
		9.614507]
,

	"b6":[
		9.614507,
		9.408671,
		9.614507,
		9.614507,
		9.408671,
		9.408671,
		9.408671,
		9.408671,
		9.408671,
		9.408671,
		9.408671,
		9.614507,
		9.408671,
		9.408671,
		9.408671,
		9.408671,
		9.408671,
		9.408671,
		9.408671,
		9.408671,
		9.408671,
		9.408671,
		9.614507,
		9.408671,
		9.614507,
		9.408671,
		9.408671,
		9.614507,
		9.614507,
		9.614507,
		9.614507,
		9.614507,
		9.614507,
		9.614507,
		9.614507,
		9.614507,
		9.614507,
		9.614507,
		9.614507,
		9.614507,
		9.614507,
		9.614507,
		9.614507,
		9.614507,
		2500.0,
		2477.177496,
		10.757244,
		9.614507,
		10.185876,
		10.185876,
		10.185876,
		9.614507,
		15.252661,
		9.614507,
		10.185876,
		11.493892,
		11.493892,
		9.614507,
		12.636629,
		9.614507,
		11.493892,
		9.614507,
		15.176097,
		9.614507,
		20.661122,
		9.614507,
		15.176097,
		9.614507,
		2469.724371,
		2500.0,
		9.614507,
		15.176097,
		9.614507,
		11.493892,
		9.614507,
		19.506234,
		9.614507,
		9.614507,
		9.614507,
		10.185876,
		12.06526,
		9.614507,
		10.185876,
		12.06526,
		9.614507,
		9.614507,
		9.614507,
		9.614507,
		9.614507,
		9.614507,
		9.614507,
		9.614507,
		9.614507,
		9.614507,
		9.614507,
		9.614507]
,