{
"Average LMPs":{
	"DAMC_s5":[
		9.614507000000001,
		9.614507000000001,
		9.614507000000001,
		9.614507000000001,
		9.408671,
		9.408671,
		9.408671,
		9.408671,
		9.408671,
		9.408671,
		9.408671,
		9.408671,
		9.408671,
		9.408671,
		9.408671,
		9.408671,
		9.408671,
		9.408671,
		9.408671,
		9.408671,
		9.408671,
		9.408671,
		9.408671,
		9.408671,
		9.408671,
		9.408671,
		9.408671,
		9.408671,
		9.614507000000001,
		9.614507000000001,
		9.614507000000001,
		9.614507000000001,
		9.614507000000001,
		9.614507000000001,
		9.614507000000001,
		9.614507000000001,
		9.614507000000001,
		9.614507000000001,
		9.614507000000001,
		9.614507000000001,
		9.614507000000001,
		9.614507000000001,
		9.614507000000001,
		9.614507000000001,
		9.614507000000001,
		9.614507000000001,
		9.614507000000001,
		9.614507000000001,
		10.128739100000006,
		10.185876000000006,
		9.957328400000005,
		10.185876000000006,
		10.185876000000006,
		10.185876000000006,
		10.185876000000006,
		10.185876000000006,
		10.185876000000006,
		10.854928800000003,
		10.185876000000006,
		11.022192000000002,
		10.520402400000005,
		10.938560400000004,
		10.353139200000005,
		10.604034000000004,
		11.022192000000002,
		11.022192000000002,
		11.022192000000002,
		11.022192000000002,
		10.771297200000003,
		11.069362000000002,
		10.687665600000004,
		11.069362000000002,
		10.185876000000006,
		10.269507600000006,
		10.185876000000006,
		10.300149600000005,
		10.071602200000005,
		10.185876000000006,
		10.185876000000006,
		10.185876000000006,
		10.185876000000006,
		9.671643900000003,
		10.185876000000006,
		9.843054600000004,
		9.614507000000001,
		9.614507000000001,
		9.614507000000001,
		9.614507000000001,
		9.614507000000001,
		9.614507000000001,
		9.614507000000001,
		9.614507000000001,
		9.614507000000001,
		9.614507000000001,
		9.614507000000001,
		9.614507000000001
	],
	"DAMC_nf_s5":[
		9.614507000000001,
		9.614507000000001,
		9.614507000000001,
		9.614507000000001,
		9.408671,
		9.408671,
		9.408671,
		9.408671,
		9.408671,
		9.408671,
		9.408671,
		9.408671,
		9.408671,
		9.408671,
		9.408671,
		9.408671,
		9.408671,
		9.408671,
		9.408671,
		9.408671,
		9.408671,
		9.408671,
		9.408671,
		9.408671,
		9.408671,
		9.408671,
		9.408671,
		9.408671,
		9.614507000000001,
		9.614507000000001,
		9.614507000000001,
		9.614507000000001,
		9.614507000000001,
		9.614507000000001,
		9.614507000000001,
		9.614507000000001,
		9.614507000000001,
		9.614507000000001,
		9.614507000000001,
		9.614507000000001,
		9.614507000000001,
		9.614507000000001,
		9.614507000000001,
		9.614507000000001,
		9.614507000000001,
		9.614507000000001,
		9.614507000000001,
		9.614507000000001,
		10.128739100000006,
		10.185876000000006,
		9.957328400000005,
		10.185876000000006,
		10.185876000000006,
		10.185876000000006,
		10.185876000000006,
		10.185876000000006,
		10.185876000000006,
		10.854928800000003,
		10.185876000000006,
		11.022192000000002,
		10.520402400000005,
		10.938560400000004,
		10.353139200000005,
		10.604034000000004,
		11.022192000000002,
		11.022192000000002,
		11.022192000000002,
		11.022192000000002,
		10.771297200000003,
		11.069362000000002,
		10.687665600000004,
		11.069362000000002,
		10.185876000000006,
		10.269507600000006,
		10.185876000000006,
		10.300149600000005,
		10.071602200000005,
		10.185876000000006,
		10.185876000000006,
		10.185876000000006,
		10.185876000000006,
		9.671643900000003,
		10.185876000000006,
		9.843054600000004,
		9.614507000000001,
		9.614507000000001,
		9.614507000000001,
		9.614507000000001,
		9.614507000000001,
		9.614507000000001,
		9.614507000000001,
		9.614507000000001,
		9.614507000000001,
		9.614507000000001,
		9.614507000000001,
		9.614507000000001
	],
	"DAMC_s10":[
		9.614507000000001,
		9.614507000000001,
		9.614507000000001,
		9.614507000000001,
		9.408671,
		9.408671,
		9.408671,
		9.408671,
		9.408671,
		9.408671,
		9.408671,
		9.408671,
		9.408671,
		9.408671,
		9.408671,
		9.408671,
		9.408671,
		9.408671,
		9.408671,
		9.408671,
		9.408671,
		9.408671,
		9.408671,
		9.408671,
		9.408671,
		9.408671,
		9.408671,
		9.408671,
		9.614507000000001,
		9.614507000000001,
		9.614507000000001,
		9.614507000000001,
		9.536066000000003,
		9.583130600000002,
		9.551754200000003,
		9.598818800000002,
		9.614507000000001,
		9.614507000000001,
		9.614507000000001,
		9.614507000000001,
		9.614507000000001,
		9.614507000000001,
		9.614507000000001,
		9.614507000000001,
		9.614507000000001,
		9.614507000000001,
		9.614507000000001,
		9.614507000000001,
		9.614507000000001,
		9.614507000000001,
		9.614507000000001,
		9.614507000000001,
		9.957328400000005,
		9.671643900000003,
		9.671643900000003,
		9.671643900000003,
		9.728780800000003,
		10.185876000000006,
		9.843054600000004,
		10.185876000000006,
		10.185876000000006,
		10.185876000000006,
		10.185876000000006,
		10.185876000000006,
		10.185876000000006,
		10.185876000000006,
		10.185876000000006,
		10.185876000000006,
		10.185876000000006,
		10.185876000000006,
		10.185876000000006,
		10.185876000000006,
		10.185876000000006,
		10.269507600000006,
		10.185876000000006,
		10.300149600000005,
		10.071602200000005,
		10.185876000000006,
		10.185876000000006,
		10.185876000000006,
		10.185876000000006,
		9.671643900000003,
		10.185876000000006,
		9.843054600000004,
		9.614507000000001,
		9.614507000000001,
		9.614507000000001,
		9.614507000000001,
		9.614507000000001,
		9.614507000000001,
		9.614507000000001,
		9.614507000000001,
		9.614507000000001,
		9.614507000000001,
		9.614507000000001,
		9.614507000000001
	],
	"DAMC_nf_s10":[
		9.614507000000001,
		9.614507000000001,
		9.614507000000001,
		9.614507000000001,
		9.408671,
		9.408671,
		9.408671,
		9.408671,
		9.408671,
		9.408671,
		9.408671,
		9.408671,
		9.408671,
		9.408671,
		9.408671,
		9.408671,
		9.408671,
		9.408671,
		9.408671,
		9.408671,
		9.408671,
		9.408671,
		9.408671,
		9.408671,
		9.408671,
		9.408671,
		9.408671,
		9.408671,
		9.614507000000001,
		9.614507000000001,
		9.614507000000001,
		9.614507000000001,
		9.614507000000001,
		9.614507000000001,
		9.614507000000001,
		9.614507000000001,
		9.614507000000001,
		9.614507000000001,
		9.614507000000001,
		9.614507000000001,
		9.614507000000001,
		9.614507000000001,
		9.614507000000001,
		9.614507000000001,
		9.614507000000001,
		9.614507000000001,
		9.614507000000001,
		9.614507000000001,
		9.614507000000001,
		10.219400000000002,
		9.614507000000001,
		10.098421400000001,
		10.824292999999999,
		10.4613572,
		10.824292999999999,
		10.824292999999999,
		10.7847132,
		10.982612200000002,
		10.8045031,
		11.022192000000002,
		10.8836627,
		10.962822300000001,
		10.8638728,
		10.9232425,
		11.022192000000002,
		11.022192000000002,
		11.022192000000002,
		11.022192000000002,
		10.9232425,
		11.041981900000003,
		10.9232425,
		11.274244500000004,
		10.416540200000002,
		10.883662699999999,
		10.6809059,
		10.844082899999998,
		11.3929839,
		11.694332000000005,
		11.022192000000002,
		11.442279500000003,
		11.526297000000003,
		10.713388500000002,
		11.442279500000003,
		11.022192000000002,
		9.755275500000002,
		9.614507000000001,
		9.614507000000001,
		9.614507000000001,
		9.614507000000001,
		9.614507000000001,
		9.614507000000001,
		9.614507000000001,
		9.614507000000001,
		9.614507000000001,
		9.614507000000001,
		9.614507000000001
	],