{
"LMPs": {
	"b1":[
		9.614507,
		9.614507,
		9.614507,
		9.614507,
		9.408671,
		9.408671,
		9.408671,
		9.408671,
		9.408671,
		9.408671,
		9.408671,
		9.408671,
		9.408671,
		9.408671,
		9.408671,
		9.408671,
		9.408671,
		9.408671,
		9.408671,
		9.408671,
		9.408671,
		9.408671,
		9.408671,
		9.408671,
		9.408671,
		9.408671,
		9.408671,
		9.408671,
		9.408671,
		9.408671,
		9.408671,
		9.408671,
		9.614507,
		9.614507,
		9.614507,
		9.614507,
		9.614507,
		9.614507,
		9.614507,
		9.614507,
		9.614507,
		9.614507,
		9.614507,
		9.614507,
		9.614507,
		9.614507,
		9.614507,
		9.614507,
		9.614507,
		10.824293,
		9.614507,
		9.614507,
		10.824293,
		10.824293,
		10.824293,
		10.824293,
		11.022192,
		9.614507,
		11.022192,
		10.824293,
		11.022192,
		11.220091,
		10.824293,
		11.022192,
		10.824293,
		11.41799,
		10.824293,
		11.022192,
		11.022192,
		11.022192,
		11.022192,
		11.022192,
		10.824293,
		10.824293,
		10.824293,
		10.824293,
		9.614507,
		9.614507,
		9.614507,
		10.824293,
		10.824293,
		10.824293,
		11.022192,
		11.022192,
		9.614507,
		9.614507,
		9.614507,
		9.614507,
		9.614507,
		9.614507,
		9.614507,
		9.614507,
		9.614507,
		9.614507,
		9.614507,
		9.614507]
,

	"b2":[
		9.614507,
		9.614507,
		9.614507,
		9.614507,
		9.408671,
		9.408671,
		9.408671,
		9.408671,
		9.408671,
		9.408671,
		9.408671,
		9.408671,
		9.408671,
		9.408671,
		9.408671,
		9.408671,
		9.408671,
		9.408671,
		9.408671,
		9.408671,
		9.408671,
		9.408671,
		9.408671,
		9.408671,
		9.408671,
		9.408671,
		9.408671,
		9.408671,
		9.408671,
		9.408671,
		9.408671,
		9.408671,
		9.614507,
		9.614507,
		9.614507,
		9.614507,
		9.614507,
		9.614507,
		9.614507,
		9.614507,
		9.614507,
		9.614507,
		9.614507,
		9.614507,
		9.614507,
		9.614507,
		9.614507,
		9.614507,
		9.614507,
		10.824293,
		9.614507,
		9.614507,
		10.824293,
		10.824293,
		10.824293,
		10.824293,
		11.022192,
		9.614507,
		11.022192,
		10.824293,
		11.022192,
		11.220091,
		10.824293,
		11.022192,
		10.824293,
		11.41799,
		10.824293,
		11.022192,
		11.022192,
		11.022192,
		11.022192,
		11.022192,
		10.824293,
		10.824293,
		10.824293,
		10.824293,
		9.614507,
		9.614507,
		9.614507,
		10.824293,
		10.824293,
		10.824293,
		11.022192,
		11.022192,
		9.614507,
		9.614507,
		9.614507,
		9.614507,
		9.614507,
		9.614507,
		9.614507,
		9.614507,
		9.614507,
		9.614507,
		9.614507,
		9.614507]
,

	"b3":[
		9.614507,
		9.614507,
		9.614507,
		9.614507,
		9.408671,
		9.408671,
		9.408671,
		9.408671,
		9.408671,
		9.408671,
		9.408671,
		9.408671,
		9.408671,
		9.408671,
		9.408671,
		9.408671,
		9.408671,
		9.408671,
		9.408671,
		9.408671,
		9.408671,
		9.408671,
		9.408671,
		9.408671,
		9.408671,
		9.408671,
		9.408671,
		9.408671,
		9.408671,
		9.408671,
		9.408671,
		9.408671,
		9.614507,
		9.614507,
		9.614507,
		9.614507,
		9.614507,
		9.614507,
		9.614507,
		9.614507,
		9.614507,
		9.614507,
		9.614507,
		9.614507,
		9.614507,
		9.614507,
		9.614507,
		9.614507,
		9.614507,
		10.824293,
		9.614507,
		9.614507,
		10.824293,
		10.824293,
		10.824293,
		10.824293,
		11.022192,
		9.614507,
		11.022192,
		10.824293,
		11.022192,
		11.220091,
		10.824293,
		11.022192,
		10.824293,
		11.41799,
		10.824293,
		11.022192,
		11.022192,
		11.022192,
		11.022192,
		11.022192,
		10.824293,
		10.824293,
		10.824293,
		10.824293,
		9.614507,
		9.614507,
		9.614507,
		10.824293,
		10.824293,
		10.824293,
		11.022192,
		11.022192,
		9.614507,
		9.614507,
		9.614507,
		9.614507,
		9.614507,
		9.614507,
		9.614507,
		9.614507,
		9.614507,
		9.614507,
		9.614507,
		9.614507]
,

	"b4":[
		9.614507,
		9.614507,
		9.614507,
		9.614507,
		9.408671,
		9.408671,
		9.408671,
		9.408671,
		9.408671,
		9.408671,
		9.408671,
		9.408671,
		9.408671,
		9.408671,
		9.408671,
		9.408671,
		9.408671,
		9.408671,
		9.408671,
		9.408671,
		9.408671,
		9.408671,
		9.408671,
		9.408671,
		9.408671,
		9.408671,
		9.408671,
		9.408671,
		9.408671,
		9.408671,
		9.408671,
		9.408671,
		9.614507,
		9.614507,
		9.614507,
		9.614507,
		9.614507,
		9.614507,
		9.614507,
		9.614507,
		9.614507,
		9.614507,
		9.614507,
		9.614507,
		9.614507,
		9.614507,
		9.614507,
		9.614507,
		9.614507,
		10.824293,
		9.614507,
		9.614507,
		10.824293,
		10.824293,
		10.824293,
		10.824293,
		11.022192,
		9.614507,
		11.022192,
		10.824293,
		11.022192,
		11.220091,
		10.824293,
		11.022192,
		10.824293,
		11.41799,
		10.824293,
		11.022192,
		11.022192,
		11.022192,
		11.022192,
		11.022192,
		10.824293,
		10.824293,
		10.824293,
		10.824293,
		9.614507,
		9.614507,
		9.614507,
		10.824293,
		10.824293,
		10.824293,
		11.022192,
		11.022192,
		9.614507,
		9.614507,
		9.614507,
		9.614507,
		9.614507,
		9.614507,
		9.614507,
		9.614507,
		9.614507,
		9.614507,
		9.614507,
		9.614507]
,

	"b5":[
		9.614507,
		9.614507,
		9.614507,
		9.614507,
		9.408671,
		9.408671,
		9.408671,
		9.408671,
		9.408671,
		9.408671,
		9.408671,
		9.408671,
		9.408671,
		9.408671,
		9.408671,
		9.408671,
		9.408671,
		9.408671,
		9.408671,
		9.408671,
		9.408671,
		9.408671,
		9.408671,
		9.408671,
		9.408671,
		9.408671,
		9.408671,
		9.408671,
		9.408671,
		9.408671,
		9.408671,
		9.408671,
		9.614507,
		9.614507,
		9.614507,
		9.614507,
		9.614507,
		9.614507,
		9.614507,
		9.614507,
		9.614507,
		9.614507,
		9.614507,
		9.614507,
		9.614507,
		9.614507,
		9.614507,
		9.614507,
		9.614507,
		10.824293,
		9.614507,
		9.614507,
		10.824293,
		10.824293,
		10.824293,
		10.824293,
		11.022192,
		9.614507,
		11.022192,
		10.824293,
		11.022192,
		11.220091,
		10.824293,
		11.022192,
		10.824293,
		11.41799,
		10.824293,
		11.022192,
		11.022192,
		11.022192,
		11.022192,
		11.022192,
		10.824293,
		10.824293,
		10.824293,
		10.824293,
		9.614507,
		9.614507,
		9.614507,
		10.824293,
		10.824293,
		10.824293,
		11.022192,
		11.022192,
		9.614507,
		9.614507,
		9.614507,
		9.614507,
		9.614507,
		9.614507,
		9.614507,
		9.614507,
		9.614507,
		9.614507,
		9.614507,
		9.614507]
,

	"b6":[
		9.614507,
		9.614507,
		9.614507,
		9.614507,
		9.408671,
		9.408671,
		9.408671,
		9.408671,
		9.408671,
		9.408671,
		9.408671,
		9.408671,
		9.408671,
		9.408671,
		9.408671,
		9.408671,
		9.408671,
		9.408671,
		9.408671,
		9.408671,
		9.408671,
		9.408671,
		9.408671,
		9.408671,
		9.408671,
		9.408671,
		9.408671,
		9.408671,
		9.408671,
		9.408671,
		9.408671,
		9.408671,
		9.614507,
		9.614507,
		9.614507,
		9.614507,
		9.614507,
		9.614507,
		9.614507,
		9.614507,
		9.614507,
		9.614507,
		9.614507,
		9.614507,
		9.614507,
		9.614507,
		9.614507,
		9.614507,
		9.614507,
		10.824293,
		9.614507,
		9.614507,
		10.824293,
		10.824293,
		10.824293,
		10.824293,
		11.022192,
		9.614507,
		11.022192,
		10.824293,
		11.022192,
		11.220091,
		10.824293,
		11.022192,
		10.824293,
		11.41799,
		10.824293,
		11.022192,
		11.022192,
		11.022192,
		11.022192,
		11.022192,
		10.824293,
		10.824293,
		10.824293,
		10.824293,
		9.614507,
		9.614507,
		9.614507,
		10.824293,
		10.824293,
		10.824293,
		11.022192,
		11.022192,
		9.614507,
		9.614507,
		9.614507,
		9.614507,
		9.614507,
		9.614507,
		9.614507,
		9.614507,
		9.614507,
		9.614507,
		9.614507,
		9.614507]
,