{
"LMPs": {
	"b1":[
		9.614507,
		9.614507,
		2500.0,
		2480.976822,
		9.408671,
		9.408671,
		9.408671,
		9.408671,
		9.408671,
		9.408671,
		9.408671,
		9.408671,
		9.408671,
		9.408671,
		9.408671,
		9.408671,
		9.408671,
		9.408671,
		9.408671,
		9.408671,
		9.408671,
		9.408671,
		9.408671,
		9.408671,
		9.408671,
		9.408671,
		9.408671,
		9.408671,
		9.408671,
		9.408671,
		9.408671,
		9.408671,
		9.614507,
		9.614507,
		9.614507,
		9.614507,
		9.614507,
		9.614507,
		9.614507,
		9.614507,
		9.614507,
		9.614507,
		9.614507,
		9.614507,
		9.614507,
		9.614507,
		10.185876,
		9.614507,
		9.457625,
		10.185876,
		9.614507,
		10.185876,
		10.185876,
		10.185876,
		9.614507,
		9.614507,
		9.614507,
		11.022192,
		11.022192,
		9.614507,
		10.185876,
		10.185876,
		9.614507,
		11.022192,
		11.022192,
		10.185876,
		10.185876,
		11.022192,
		10.185876,
		10.185876,
		11.022192,
		10.757244,
		9.614507,
		9.614507,
		10.185876,
		9.614507,
		11.022192,
		15.98489,
		9.614507,
		9.614507,
		11.022192,
		9.614507,
		11.022192,
		11.022192,
		9.614507,
		9.614507,
		9.614507,
		9.614507,
		9.614507,
		9.408671,
		9.614507,
		9.614507,
		9.614507,
		9.014683,
		10.008496,
		9.408671]
,

	"b2":[
		9.614507,
		9.614507,
		2500.0,
		2480.976822,
		9.408671,
		9.408671,
		9.408671,
		9.408671,
		9.408671,
		9.408671,
		9.408671,
		9.408671,
		9.408671,
		9.408671,
		9.408671,
		9.408671,
		9.408671,
		9.408671,
		9.408671,
		9.408671,
		9.408671,
		9.408671,
		9.408671,
		9.408671,
		9.408671,
		9.408671,
		9.408671,
		9.408671,
		9.408671,
		9.408671,
		9.408671,
		9.408671,
		9.614507,
		9.614507,
		9.614507,
		9.614507,
		9.614507,
		9.614507,
		9.614507,
		9.614507,
		9.614507,
		9.614507,
		9.614507,
		9.614507,
		9.614507,
		9.614507,
		10.185876,
		9.614507,
		9.457625,
		10.185876,
		9.614507,
		10.185876,
		10.185876,
		10.185876,
		9.614507,
		9.614507,
		9.614507,
		11.022192,
		11.022192,
		9.614507,
		10.185876,
		10.185876,
		9.614507,
		11.022192,
		11.022192,
		10.185876,
		10.185876,
		11.022192,
		10.185876,
		10.185876,
		11.022192,
		10.757244,
		9.614507,
		9.614507,
		10.185876,
		9.614507,
		11.022192,
		15.98489,
		9.614507,
		9.614507,
		11.022192,
		9.614507,
		11.022192,
		11.022192,
		9.614507,
		9.614507,
		9.614507,
		9.614507,
		9.614507,
		9.408671,
		9.614507,
		9.614507,
		9.614507,
		9.014683,
		10.008496,
		9.408671]
,

	"b3":[
		9.614507,
		9.614507,
		2500.0,
		2480.976822,
		9.408671,
		9.408671,
		9.408671,
		9.408671,
		9.408671,
		9.408671,
		9.408671,
		9.408671,
		9.408671,
		9.408671,
		9.408671,
		9.408671,
		9.408671,
		9.408671,
		9.408671,
		9.408671,
		9.408671,
		9.408671,
		9.408671,
		9.408671,
		9.408671,
		9.408671,
		9.408671,
		9.408671,
		9.408671,
		9.408671,
		9.408671,
		9.408671,
		9.614507,
		9.614507,
		9.614507,
		9.614507,
		9.614507,
		9.614507,
		9.614507,
		9.614507,
		9.614507,
		9.614507,
		9.614507,
		9.614507,
		9.614507,
		9.614507,
		10.185876,
		9.614507,
		9.457625,
		10.185876,
		9.614507,
		10.185876,
		10.185876,
		10.185876,
		9.614507,
		9.614507,
		9.614507,
		11.022192,
		11.022192,
		9.614507,
		10.185876,
		10.185876,
		9.614507,
		11.022192,
		11.022192,
		10.185876,
		10.185876,
		11.022192,
		10.185876,
		10.185876,
		11.022192,
		10.757244,
		9.614507,
		9.614507,
		10.185876,
		9.614507,
		11.022192,
		15.98489,
		9.614507,
		9.614507,
		11.022192,
		9.614507,
		11.022192,
		11.022192,
		9.614507,
		9.614507,
		9.614507,
		9.614507,
		9.614507,
		9.408671,
		9.614507,
		9.614507,
		9.614507,
		9.014683,
		10.008496,
		9.408671]
,

	"b4":[
		9.614507,
		9.614507,
		2500.0,
		2480.976822,
		9.408671,
		9.408671,
		9.408671,
		9.408671,
		9.408671,
		9.408671,
		9.408671,
		9.408671,
		9.408671,
		9.408671,
		9.408671,
		9.408671,
		9.408671,
		9.408671,
		9.408671,
		9.408671,
		9.408671,
		9.408671,
		9.408671,
		9.408671,
		9.408671,
		9.408671,
		9.408671,
		9.408671,
		9.408671,
		9.408671,
		9.408671,
		9.408671,
		9.614507,
		9.614507,
		9.614507,
		9.614507,
		9.614507,
		9.614507,
		9.614507,
		9.614507,
		9.614507,
		9.614507,
		9.614507,
		9.614507,
		9.614507,
		9.614507,
		10.185876,
		9.614507,
		9.457625,
		10.185876,
		9.614507,
		10.185876,
		10.185876,
		10.185876,
		9.614507,
		9.614507,
		9.614507,
		11.022192,
		11.022192,
		9.614507,
		10.185876,
		10.185876,
		9.614507,
		11.022192,
		11.022192,
		10.185876,
		10.185876,
		11.022192,
		10.185876,
		10.185876,
		11.022192,
		10.757244,
		9.614507,
		9.614507,
		10.185876,
		9.614507,
		11.022192,
		15.98489,
		9.614507,
		9.614507,
		11.022192,
		9.614507,
		11.022192,
		11.022192,
		9.614507,
		9.614507,
		9.614507,
		9.614507,
		9.614507,
		9.408671,
		9.614507,
		9.614507,
		9.614507,
		9.014683,
		10.008496,
		9.408671]
,

	"b5":[
		9.614507,
		9.614507,
		2500.0,
		2480.976822,
		9.408671,
		9.408671,
		9.408671,
		9.408671,
		9.408671,
		9.408671,
		9.408671,
		9.408671,
		9.408671,
		9.408671,
		9.408671,
		9.408671,
		9.408671,
		9.408671,
		9.408671,
		9.408671,
		9.408671,
		9.408671,
		9.408671,
		9.408671,
		9.408671,
		9.408671,
		9.408671,
		9.408671,
		9.408671,
		9.408671,
		9.408671,
		9.408671,
		9.614507,
		9.614507,
		9.614507,
		9.614507,
		9.614507,
		9.614507,
		9.614507,
		9.614507,
		9.614507,
		9.614507,
		9.614507,
		9.614507,
		9.614507,
		9.614507,
		10.185876,
		9.614507,
		9.457625,
		10.185876,
		9.614507,
		10.185876,
		10.185876,
		10.185876,
		9.614507,
		9.614507,
		9.614507,
		11.022192,
		11.022192,
		9.614507,
		10.185876,
		10.185876,
		9.614507,
		11.022192,
		11.022192,
		10.185876,
		10.185876,
		11.022192,
		10.185876,
		10.185876,
		11.022192,
		10.757244,
		9.614507,
		9.614507,
		10.185876,
		9.614507,
		11.022192,
		15.98489,
		9.614507,
		9.614507,
		11.022192,
		9.614507,
		11.022192,
		11.022192,
		9.614507,
		9.614507,
		9.614507,
		9.614507,
		9.614507,
		9.408671,
		9.614507,
		9.614507,
		9.614507,
		9.014683,
		10.008496,
		9.408671]
,

	"b6":[
		9.614507,
		9.614507,
		2500.0,
		2480.976822,
		9.408671,
		9.408671,
		9.408671,
		9.408671,
		9.408671,
		9.408671,
		9.408671,
		9.408671,
		9.408671,
		9.408671,
		9.408671,
		9.408671,
		9.408671,
		9.408671,
		9.408671,
		9.408671,
		9.408671,
		9.408671,
		9.408671,
		9.408671,
		9.408671,
		9.408671,
		9.408671,
		9.408671,
		9.408671,
		9.408671,
		9.408671,
		9.408671,
		9.614507,
		9.614507,
		9.614507,
		9.614507,
		9.614507,
		9.614507,
		9.614507,
		9.614507,
		9.614507,
		9.614507,
		9.614507,
		9.614507,
		9.614507,
		9.614507,
		10.185876,
		9.614507,
		9.457625,
		10.185876,
		9.614507,
		10.185876,
		10.185876,
		10.185876,
		9.614507,
		9.614507,
		9.614507,
		11.022192,
		11.022192,
		9.614507,
		10.185876,
		10.185876,
		9.614507,
		11.022192,
		11.022192,
		10.185876,
		10.185876,
		11.022192,
		10.185876,
		10.185876,
		11.022192,
		10.757244,
		9.614507,
		9.614507,
		10.185876,
		9.614507,
		11.022192,
		15.98489,
		9.614507,
		9.614507,
		11.022192,
		9.614507,
		11.022192,
		11.022192,
		9.614507,
		9.614507,
		9.614507,
		9.614507,
		9.614507,
		9.408671,
		9.614507,
		9.614507,
		9.614507,
		9.014683,
		10.008496,
		9.408671]
,