{
"LMPs": {
	"b1":[
		9.408671,
		9.614507,
		9.614507,
		9.408671,
		9.408671,
		9.408671,
		9.408671,
		9.408671,
		9.408671,
		9.408671,
		9.408671,
		9.408671,
		9.408671,
		9.408671,
		9.408671,
		9.408671,
		9.408671,
		9.408671,
		9.408671,
		9.408671,
		9.408671,
		9.408671,
		9.408671,
		9.408671,
		9.408671,
		9.408671,
		9.408671,
		9.408671,
		9.614507,
		9.614507,
		9.408671,
		9.408671,
		9.614507,
		9.614507,
		9.014683,
		10.008496,
		9.614507,
		9.614507,
		9.614507,
		9.614507,
		9.408671,
		9.614507,
		9.614507,
		9.614507,
		9.614507,
		9.614507,
		9.614507,
		9.614507,
		11.022192,
		9.614507,
		9.614507,
		10.185876,
		9.614507,
		10.185876,
		9.614507,
		9.614507,
		9.614507,
		9.614507,
		11.862367,
		9.614507,
		11.862367,
		11.862367,
		9.614507,
		9.614507,
		9.614507,
		11.022192,
		10.185876,
		9.614507,
		11.862367,
		10.185876,
		10.185876,
		2500.0,
		2479.283869,
		9.614507,
		9.614507,
		9.614507,
		9.614507,
		13.243865,
		9.614507,
		9.614507,
		9.614507,
		9.614507,
		13.837562,
		9.614507,
		9.614507,
		9.614507,
		9.614507,
		9.614507,
		10.214332,
		9.014683,
		9.614507,
		9.614507,
		9.408671,
		9.614507,
		9.408671,
		9.408671]
,

	"b2":[
		9.408671,
		9.614507,
		9.614507,
		9.408671,
		9.408671,
		9.408671,
		9.408671,
		9.408671,
		9.408671,
		9.408671,
		9.408671,
		9.408671,
		9.408671,
		9.408671,
		9.408671,
		9.408671,
		9.408671,
		9.408671,
		9.408671,
		9.408671,
		9.408671,
		9.408671,
		9.408671,
		9.408671,
		9.408671,
		9.408671,
		9.408671,
		9.408671,
		9.614507,
		9.614507,
		9.408671,
		9.408671,
		9.614507,
		9.614507,
		9.014683,
		10.008496,
		9.614507,
		9.614507,
		9.614507,
		9.614507,
		9.408671,
		9.614507,
		9.614507,
		9.614507,
		9.614507,
		9.614507,
		9.614507,
		9.614507,
		11.022192,
		9.614507,
		9.614507,
		10.185876,
		9.614507,
		10.185876,
		9.614507,
		9.614507,
		9.614507,
		9.614507,
		11.862367,
		9.614507,
		11.862367,
		11.862367,
		9.614507,
		9.614507,
		9.614507,
		11.022192,
		10.185876,
		9.614507,
		11.862367,
		10.185876,
		10.185876,
		2500.0,
		2479.283869,
		9.614507,
		9.614507,
		9.614507,
		9.614507,
		13.243865,
		9.614507,
		9.614507,
		9.614507,
		9.614507,
		13.837562,
		9.614507,
		9.614507,
		9.614507,
		9.614507,
		9.614507,
		10.214332,
		9.014683,
		9.614507,
		9.614507,
		9.408671,
		9.614507,
		9.408671,
		9.408671]
,

	"b3":[
		9.408671,
		9.614507,
		9.614507,
		9.408671,
		9.408671,
		9.408671,
		9.408671,
		9.408671,
		9.408671,
		9.408671,
		9.408671,
		9.408671,
		9.408671,
		9.408671,
		9.408671,
		9.408671,
		9.408671,
		9.408671,
		9.408671,
		9.408671,
		9.408671,
		9.408671,
		9.408671,
		9.408671,
		9.408671,
		9.408671,
		9.408671,
		9.408671,
		9.614507,
		9.614507,
		9.408671,
		9.408671,
		9.614507,
		9.614507,
		9.014683,
		10.008496,
		9.614507,
		9.614507,
		9.614507,
		9.614507,
		9.408671,
		9.614507,
		9.614507,
		9.614507,
		9.614507,
		9.614507,
		9.614507,
		9.614507,
		11.022192,
		9.614507,
		9.614507,
		10.185876,
		9.614507,
		10.185876,
		9.614507,
		9.614507,
		9.614507,
		9.614507,
		11.862367,
		9.614507,
		11.862367,
		11.862367,
		9.614507,
		9.614507,
		9.614507,
		11.022192,
		10.185876,
		9.614507,
		11.862367,
		10.185876,
		10.185876,
		2500.0,
		2479.283869,
		9.614507,
		9.614507,
		9.614507,
		9.614507,
		13.243865,
		9.614507,
		9.614507,
		9.614507,
		9.614507,
		13.837562,
		9.614507,
		9.614507,
		9.614507,
		9.614507,
		9.614507,
		10.214332,
		9.014683,
		9.614507,
		9.614507,
		9.408671,
		9.614507,
		9.408671,
		9.408671]
,

	"b4":[
		9.408671,
		9.614507,
		9.614507,
		9.408671,
		9.408671,
		9.408671,
		9.408671,
		9.408671,
		9.408671,
		9.408671,
		9.408671,
		9.408671,
		9.408671,
		9.408671,
		9.408671,
		9.408671,
		9.408671,
		9.408671,
		9.408671,
		9.408671,
		9.408671,
		9.408671,
		9.408671,
		9.408671,
		9.408671,
		9.408671,
		9.408671,
		9.408671,
		9.614507,
		9.614507,
		9.408671,
		9.408671,
		9.614507,
		9.614507,
		9.014683,
		10.008496,
		9.614507,
		9.614507,
		9.614507,
		9.614507,
		9.408671,
		9.614507,
		9.614507,
		9.614507,
		9.614507,
		9.614507,
		9.614507,
		9.614507,
		11.022192,
		9.614507,
		9.614507,
		10.185876,
		9.614507,
		10.185876,
		9.614507,
		9.614507,
		9.614507,
		9.614507,
		11.862367,
		9.614507,
		11.862367,
		11.862367,
		9.614507,
		9.614507,
		9.614507,
		11.022192,
		10.185876,
		9.614507,
		11.862367,
		10.185876,
		10.185876,
		2500.0,
		2479.283869,
		9.614507,
		9.614507,
		9.614507,
		9.614507,
		13.243865,
		9.614507,
		9.614507,
		9.614507,
		9.614507,
		13.837562,
		9.614507,
		9.614507,
		9.614507,
		9.614507,
		9.614507,
		10.214332,
		9.014683,
		9.614507,
		9.614507,
		9.408671,
		9.614507,
		9.408671,
		9.408671]
,

	"b5":[
		9.408671,
		9.614507,
		9.614507,
		9.408671,
		9.408671,
		9.408671,
		9.408671,
		9.408671,
		9.408671,
		9.408671,
		9.408671,
		9.408671,
		9.408671,
		9.408671,
		9.408671,
		9.408671,
		9.408671,
		9.408671,
		9.408671,
		9.408671,
		9.408671,
		9.408671,
		9.408671,
		9.408671,
		9.408671,
		9.408671,
		9.408671,
		9.408671,
		9.614507,
		9.614507,
		9.408671,
		9.408671,
		9.614507,
		9.614507,
		9.014683,
		10.008496,
		9.614507,
		9.614507,
		9.614507,
		9.614507,
		9.408671,
		9.614507,
		9.614507,
		9.614507,
		9.614507,
		9.614507,
		9.614507,
		9.614507,
		11.022192,
		9.614507,
		9.614507,
		10.185876,
		9.614507,
		10.185876,
		9.614507,
		9.614507,
		9.614507,
		9.614507,
		11.862367,
		9.614507,
		11.862367,
		11.862367,
		9.614507,
		9.614507,
		9.614507,
		11.022192,
		10.185876,
		9.614507,
		11.862367,
		10.185876,
		10.185876,
		2500.0,
		2479.283869,
		9.614507,
		9.614507,
		9.614507,
		9.614507,
		13.243865,
		9.614507,
		9.614507,
		9.614507,
		9.614507,
		13.837562,
		9.614507,
		9.614507,
		9.614507,
		9.614507,
		9.614507,
		10.214332,
		9.014683,
		9.614507,
		9.614507,
		9.408671,
		9.614507,
		9.408671,
		9.408671]
,

	"b6":[
		9.408671,
		9.614507,
		9.614507,
		9.408671,
		9.408671,
		9.408671,
		9.408671,
		9.408671,
		9.408671,
		9.408671,
		9.408671,
		9.408671,
		9.408671,
		9.408671,
		9.408671,
		9.408671,
		9.408671,
		9.408671,
		9.408671,
		9.408671,
		9.408671,
		9.408671,
		9.408671,
		9.408671,
		9.408671,
		9.408671,
		9.408671,
		9.408671,
		9.614507,
		9.614507,
		9.408671,
		9.408671,
		9.614507,
		9.614507,
		9.014683,
		10.008496,
		9.614507,
		9.614507,
		9.614507,
		9.614507,
		9.408671,
		9.614507,
		9.614507,
		9.614507,
		9.614507,
		9.614507,
		9.614507,
		9.614507,
		11.022192,
		9.614507,
		9.614507,
		10.185876,
		9.614507,
		10.185876,
		9.614507,
		9.614507,
		9.614507,
		9.614507,
		11.862367,
		9.614507,
		11.862367,
		11.862367,
		9.614507,
		9.614507,
		9.614507,
		11.022192,
		10.185876,
		9.614507,
		11.862367,
		10.185876,
		10.185876,
		2500.0,
		2479.283869,
		9.614507,
		9.614507,
		9.614507,
		9.614507,
		13.243865,
		9.614507,
		9.614507,
		9.614507,
		9.614507,
		13.837562,
		9.614507,
		9.614507,
		9.614507,
		9.614507,
		9.614507,
		10.214332,
		9.014683,
		9.614507,
		9.614507,
		9.408671,
		9.614507,
		9.408671,
		9.408671]
,