{
"LMPs": {
	"b1":[
		9.408671,
		9.614507,
		9.614507,
		9.408671,
		9.408671,
		9.408671,
		9.408671,
		9.408671,
		9.408671,
		9.408671,
		9.408671,
		9.408671,
		9.408671,
		9.408671,
		9.408671,
		9.408671,
		9.408671,
		9.408671,
		9.408671,
		9.408671,
		9.408671,
		9.408671,
		9.408671,
		9.408671,
		9.408671,
		9.408671,
		9.408671,
		9.408671,
		9.506578,
		9.506578,
		9.408671,
		9.457625,
		9.614507,
		9.614507,
		9.408671,
		9.614507,
		9.614507,
		9.614507,
		9.614507,
		9.614507,
		9.457625,
		9.614507,
		9.614507,
		9.614507,
		9.614507,
		9.614507,
		9.614507,
		9.614507,
		11.022192,
		9.614507,
		9.614507,
		10.185876,
		9.614507,
		10.185876,
		9.614507,
		9.614507,
		9.614507,
		9.614507,
		11.862367,
		9.614507,
		11.862367,
		11.862367,
		9.614507,
		9.614507,
		9.614507,
		11.022192,
		10.185876,
		9.614507,
		11.862367,
		10.185876,
		10.185876,
		2500.0,
		2479.283869,
		9.614507,
		9.614507,
		9.614507,
		9.614507,
		10.824293,
		9.614507,
		9.614507,
		9.614507,
		9.614507,
		11.022192,
		9.614507,
		9.614507,
		9.614507,
		9.614507,
		9.614507,
		9.614507,
		9.457625,
		9.614507,
		9.614507,
		9.408671,
		9.614507,
		9.614507,
		9.614507]
,

	"b2":[
		9.408671,
		9.614507,
		9.614507,
		9.408671,
		9.408671,
		9.408671,
		9.408671,
		9.408671,
		9.408671,
		9.408671,
		9.408671,
		9.408671,
		9.408671,
		9.408671,
		9.408671,
		9.408671,
		9.408671,
		9.408671,
		9.408671,
		9.408671,
		9.408671,
		9.408671,
		9.408671,
		9.408671,
		9.408671,
		9.408671,
		9.408671,
		9.408671,
		9.506578,
		9.506578,
		9.408671,
		9.457625,
		9.614507,
		9.614507,
		9.408671,
		9.614507,
		9.614507,
		9.614507,
		9.614507,
		9.614507,
		9.457625,
		9.614507,
		9.614507,
		9.614507,
		9.614507,
		9.614507,
		9.614507,
		9.614507,
		11.022192,
		9.614507,
		9.614507,
		10.185876,
		9.614507,
		10.185876,
		9.614507,
		9.614507,
		9.614507,
		9.614507,
		11.862367,
		9.614507,
		11.862367,
		11.862367,
		9.614507,
		9.614507,
		9.614507,
		11.022192,
		10.185876,
		9.614507,
		11.862367,
		10.185876,
		10.185876,
		2500.0,
		2479.283869,
		9.614507,
		9.614507,
		9.614507,
		9.614507,
		10.824293,
		9.614507,
		9.614507,
		9.614507,
		9.614507,
		11.022192,
		9.614507,
		9.614507,
		9.614507,
		9.614507,
		9.614507,
		9.614507,
		9.457625,
		9.614507,
		9.614507,
		9.408671,
		9.614507,
		9.614507,
		9.614507]
,

	"b3":[
		9.408671,
		9.614507,
		9.614507,
		9.408671,
		9.408671,
		9.408671,
		9.408671,
		9.408671,
		9.408671,
		9.408671,
		9.408671,
		9.408671,
		9.408671,
		9.408671,
		9.408671,
		9.408671,
		9.408671,
		9.408671,
		9.408671,
		9.408671,
		9.408671,
		9.408671,
		9.408671,
		9.408671,
		9.408671,
		9.408671,
		9.408671,
		9.408671,
		9.506578,
		9.506578,
		9.408671,
		9.457625,
		9.614507,
		9.614507,
		9.408671,
		9.614507,
		9.614507,
		9.614507,
		9.614507,
		9.614507,
		9.457625,
		9.614507,
		9.614507,
		9.614507,
		9.614507,
		9.614507,
		9.614507,
		9.614507,
		11.022192,
		9.614507,
		9.614507,
		10.185876,
		9.614507,
		10.185876,
		9.614507,
		9.614507,
		9.614507,
		9.614507,
		11.862367,
		9.614507,
		11.862367,
		11.862367,
		9.614507,
		9.614507,
		9.614507,
		11.022192,
		10.185876,
		9.614507,
		11.862367,
		10.185876,
		10.185876,
		2500.0,
		2479.283869,
		9.614507,
		9.614507,
		9.614507,
		9.614507,
		10.824293,
		9.614507,
		9.614507,
		9.614507,
		9.614507,
		11.022192,
		9.614507,
		9.614507,
		9.614507,
		9.614507,
		9.614507,
		9.614507,
		9.457625,
		9.614507,
		9.614507,
		9.408671,
		9.614507,
		9.614507,
		9.614507]
,

	"b4":[
		9.408671,
		9.614507,
		9.614507,
		9.408671,
		9.408671,
		9.408671,
		9.408671,
		9.408671,
		9.408671,
		9.408671,
		9.408671,
		9.408671,
		9.408671,
		9.408671,
		9.408671,
		9.408671,
		9.408671,
		9.408671,
		9.408671,
		9.408671,
		9.408671,
		9.408671,
		9.408671,
		9.408671,
		9.408671,
		9.408671,
		9.408671,
		9.408671,
		9.506578,
		9.506578,
		9.408671,
		9.457625,
		9.614507,
		9.614507,
		9.408671,
		9.614507,
		9.614507,
		9.614507,
		9.614507,
		9.614507,
		9.457625,
		9.614507,
		9.614507,
		9.614507,
		9.614507,
		9.614507,
		9.614507,
		9.614507,
		11.022192,
		9.614507,
		9.614507,
		10.185876,
		9.614507,
		10.185876,
		9.614507,
		9.614507,
		9.614507,
		9.614507,
		11.862367,
		9.614507,
		11.862367,
		11.862367,
		9.614507,
		9.614507,
		9.614507,
		11.022192,
		10.185876,
		9.614507,
		11.862367,
		10.185876,
		10.185876,
		2500.0,
		2479.283869,
		9.614507,
		9.614507,
		9.614507,
		9.614507,
		10.824293,
		9.614507,
		9.614507,
		9.614507,
		9.614507,
		11.022192,
		9.614507,
		9.614507,
		9.614507,
		9.614507,
		9.614507,
		9.614507,
		9.457625,
		9.614507,
		9.614507,
		9.408671,
		9.614507,
		9.614507,
		9.614507]
,

	"b5":[
		9.408671,
		9.614507,
		9.614507,
		9.408671,
		9.408671,
		9.408671,
		9.408671,
		9.408671,
		9.408671,
		9.408671,
		9.408671,
		9.408671,
		9.408671,
		9.408671,
		9.408671,
		9.408671,
		9.408671,
		9.408671,
		9.408671,
		9.408671,
		9.408671,
		9.408671,
		9.408671,
		9.408671,
		9.408671,
		9.408671,
		9.408671,
		9.408671,
		9.506578,
		9.506578,
		9.408671,
		9.457625,
		9.614507,
		9.614507,
		9.408671,
		9.614507,
		9.614507,
		9.614507,
		9.614507,
		9.614507,
		9.457625,
		9.614507,
		9.614507,
		9.614507,
		9.614507,
		9.614507,
		9.614507,
		9.614507,
		11.022192,
		9.614507,
		9.614507,
		10.185876,
		9.614507,
		10.185876,
		9.614507,
		9.614507,
		9.614507,
		9.614507,
		11.862367,
		9.614507,
		11.862367,
		11.862367,
		9.614507,
		9.614507,
		9.614507,
		11.022192,
		10.185876,
		9.614507,
		11.862367,
		10.185876,
		10.185876,
		2500.0,
		2479.283869,
		9.614507,
		9.614507,
		9.614507,
		9.614507,
		10.824293,
		9.614507,
		9.614507,
		9.614507,
		9.614507,
		11.022192,
		9.614507,
		9.614507,
		9.614507,
		9.614507,
		9.614507,
		9.614507,
		9.457625,
		9.614507,
		9.614507,
		9.408671,
		9.614507,
		9.614507,
		9.614507]
,

	"b6":[
		9.408671,
		9.614507,
		9.614507,
		9.408671,
		9.408671,
		9.408671,
		9.408671,
		9.408671,
		9.408671,
		9.408671,
		9.408671,
		9.408671,
		9.408671,
		9.408671,
		9.408671,
		9.408671,
		9.408671,
		9.408671,
		9.408671,
		9.408671,
		9.408671,
		9.408671,
		9.408671,
		9.408671,
		9.408671,
		9.408671,
		9.408671,
		9.408671,
		9.506578,
		9.506578,
		9.408671,
		9.457625,
		9.614507,
		9.614507,
		9.408671,
		9.614507,
		9.614507,
		9.614507,
		9.614507,
		9.614507,
		9.457625,
		9.614507,
		9.614507,
		9.614507,
		9.614507,
		9.614507,
		9.614507,
		9.614507,
		11.022192,
		9.614507,
		9.614507,
		10.185876,
		9.614507,
		10.185876,
		9.614507,
		9.614507,
		9.614507,
		9.614507,
		11.862367,
		9.614507,
		11.862367,
		11.862367,
		9.614507,
		9.614507,
		9.614507,
		11.022192,
		10.185876,
		9.614507,
		11.862367,
		10.185876,
		10.185876,
		2500.0,
		2479.283869,
		9.614507,
		9.614507,
		9.614507,
		9.614507,
		10.824293,
		9.614507,
		9.614507,
		9.614507,
		9.614507,
		11.022192,
		9.614507,
		9.614507,
		9.614507,
		9.614507,
		9.614507,
		9.614507,
		9.457625,
		9.614507,
		9.614507,
		9.408671,
		9.614507,
		9.614507,
		9.614507]
,