{
"Parameters": {
	"Power balance penalty ($/MW)": [10000.0, 10000.0, 10000.0, 10000.0, 10000.0, 10000.0, 10000.0, 10000.0, 10000.0, 10000.0, 10000.0, 10000.0, 10000.0, 10000.0, 10000.0, 10000.0, 10000.0, 10000.0, 10000.0, 10000.0, 10000.0, 10000.0, 10000.0, 10000.0, 10000.0, 10000.0, 10000.0, 10000.0, 10000.0, 10000.0, 10000.0, 10000.0, 10000.0, 10000.0, 10000.0, 10000.0, 10000.0, 10000.0, 10000.0, 10000.0, 10000.0, 10000.0, 10000.0, 10000.0, 10000.0, 10000.0, 10000.0, 10000.0, 10000.0, 10000.0, 10000.0, 10000.0, 10000.0, 10000.0, 10000.0, 10000.0, 10000.0, 10000.0, 10000.0, 10000.0, 10000.0, 10000.0, 10000.0, 10000.0, 10000.0, 10000.0, 10000.0, 10000.0, 10000.0, 10000.0, 10000.0, 10000.0, 10000.0, 10000.0, 10000.0, 10000.0, 10000.0, 10000.0, 10000.0, 10000.0, 10000.0, 10000.0, 10000.0, 10000.0, 10000.0, 10000.0, 10000.0, 10000.0, 10000.0, 10000.0, 10000.0, 10000.0, 10000.0, 10000.0, 10000.0, 10000.0],
	"Scenario number": 1,
	"Time horizon (h)": 2,
	"Time step (min)": 15},
	"Generators": {
		"g1": {
			"Bus": "b1",
			"Production cost curve (MW)": [16.901100444445653, 94.40345818607902, 171.90581592771244, 249.40817366934598, 326.91053141097933],
			"Production cost curve ($)": [716.7470233305867, 3465.763907745978, 6335.568940853531, 9252.345705326847, 12232.933634581022],
			"Startup costs ($)": [20559.35, 24224.12, 28727.63],
			"Startup delays (h)": [1.0, 2.0, 4.0],
			"Ramp up limit (MW)": 57.21,
			"Ramp down limit (MW)": 57.21,
			"Startup limit (MW)": 228.84,
			"Shutdown limit (MW)": 228.84,
			"Minimum uptime (h)": 1,
			"Minimum downtime (h)": 1,
			"Initial status (h)": 24,
			"Initial power (MW)": 257.74170000000004
		},
		"g2": {
			"Bus": "b2",
			"Production cost curve (MW)": [2.257203830814138, 33.5985679204243, 64.93993201003447, 96.28129609964463, 127.62266018925479],
			"Production cost curve ($)": [953.4271497797719, 2139.086577758979, 3416.0435375709003, 4856.980529832745, 6523.928912640124],
			"Startup costs ($)": [10345.29, 10498.58, 10598.13],
			"Startup delays (h)": [1.0, 2.0, 4.0],
			"Ramp up limit (MW)": 22.335,
			"Ramp down limit (MW)": 22.335,
			"Startup limit (MW)": 89.34,
			"Shutdown limit (MW)": 89.34,
			"Minimum uptime (h)": 1,
			"Minimum downtime (h)": 1,
			"Initial status (h)": -24,
			"Initial power (MW)": 0.0
		},
		"g3": {
			"Bus": "b3",
			"Production cost curve (MW)": [1.619043590917833, 21.894126410542157, 42.16920923016648, 62.444292049790796, 82.71937486941513],
			"Production cost curve ($)": [685.7745024725275, 1403.8176490424148, 2365.8595550594155, 3786.959826482599, 5342.322597393779],
			"Startup costs ($)": [4382.12, 4505.39, 4595.43],
			"Startup delays (h)": [1.0, 2.0, 4.0],
			"Ramp up limit (MW)": 14.475,
			"Ramp down limit (MW)": 14.475,
			"Startup limit (MW)": 57.9,
			"Shutdown limit (MW)": 57.9,
			"Minimum uptime (h)": 1,
			"Minimum downtime (h)": 1,
			"Initial status (h)": -24,
			"Initial power (MW)": 0.0
		},
		"g4": {
			"Bus": "b6",
			"Production cost curve (MW)": [0.8992148792351051, 22.275109867369967, 43.65100485550483, 65.02689984363968, 86.40279483177456],
			"Production cost curve ($)": [848.551414962958, 1594.5146442701787, 2520.030474640857, 3783.3547240156395, 5223.878506266689],
			"Startup costs ($)": [4274.52, 4497.57, 4827.67],
			"Startup delays (h)": [4.0, 8.0, 16.0],
			"Ramp up limit (MW)": 15.12,
			"Ramp down limit (MW)": 15.12,
			"Startup limit (MW)": 60.48,
			"Shutdown limit (MW)": 60.48,
			"Minimum uptime (h)": 4,
			"Minimum downtime (h)": 4,
			"Initial status (h)": -24,
			"Initial power (MW)": 0.0
		},
		"g5": {
			"Bus": "b8",
			"Production cost curve (MW)": [2.326914798402042, 23.12161589867012, 43.91631699893821, 64.71101809920629, 85.50571919947436],
			"Production cost curve ($)": [645.5555905711794, 1395.3861251379635, 2312.198895304892, 3543.1506774466516, 4879.427576009033],
			"Startup costs ($)": [5998.01, 6356.53, 6821.79],
			"Startup delays (h)": [1.0, 2.0, 4.0],
			"Ramp up limit (MW)": 14.9625,
			"Ramp down limit (MW)": 14.9625,
			"Startup limit (MW)": 59.85,
			"Shutdown limit (MW)": 59.85,
			"Minimum uptime (h)": 1,
			"Minimum downtime (h)": 1,
			"Initial status (h)": -24,
			"Initial power (MW)": 0.0
		}
	},
	"Transmission lines": {
		"l1": {
			"Source bus": "b1",
			"Target bus": "b2",
			"Reactance (ohms)": 0.05917000000000001,
			"Susceptance (S)": 29.496860773945063
		},
		"l2": {
			"Source bus": "b1",
			"Target bus": "b5",
			"Reactance (ohms)": 0.22304000000000002,
			"Susceptance (S)": 7.825184953346168
		},
		"l3": {
			"Source bus": "b2",
			"Target bus": "b3",
			"Reactance (ohms)": 0.19797,
			"Susceptance (S)": 8.816129979261149
		},
		"l4": {
			"Source bus": "b2",
			"Target bus": "b4",
			"Reactance (ohms)": 0.17632,
			"Susceptance (S)": 9.898645939169292
		},
		"l5": {
			"Source bus": "b2",
			"Target bus": "b5",
			"Reactance (ohms)": 0.17388,
			"Susceptance (S)": 10.037550333530765
		},
		"l6": {
			"Source bus": "b3",
			"Target bus": "b4",
			"Reactance (ohms)": 0.17103,
			"Susceptance (S)": 10.204813494675376
		},
		"l7": {
			"Source bus": "b4",
			"Target bus": "b5",
			"Reactance (ohms)": 0.04211,
			"Susceptance (S)": 41.44690695783257
		},
		"l8": {
			"Source bus": "b4",
			"Target bus": "b7",
			"Reactance (ohms)": 0.20911999999999997,
			"Susceptance (S)": 8.346065665619404
		},
		"l9": {
			"Source bus": "b4",
			"Target bus": "b9",
			"Reactance (ohms)": 0.55618,
			"Susceptance (S)": 3.1380654680037567
		},
		"l10": {
			"Source bus": "b5",
			"Target bus": "b6",
			"Reactance (ohms)": 0.25201999999999997,
			"Susceptance (S)": 6.92536009838239
		},
		"l11": {
			"Source bus": "b6",
			"Target bus": "b11",
			"Reactance (ohms)": 0.1989,
			"Susceptance (S)": 8.774908255376218
		},
		"l12": {
			"Source bus": "b6",
			"Target bus": "b12",
			"Reactance (ohms)": 0.25581,
			"Susceptance (S)": 6.8227561549365925
		},
		"l13": {
			"Source bus": "b6",
			"Target bus": "b13",
			"Reactance (ohms)": 0.13027,
			"Susceptance (S)": 13.397783465067395
		},
		"l14": {
			"Source bus": "b7",
			"Target bus": "b8",
			"Reactance (ohms)": 0.17615,
			"Susceptance (S)": 9.908198989465395
		},
		"l15": {
			"Source bus": "b7",
			"Target bus": "b9",
			"Reactance (ohms)": 0.11001,
			"Susceptance (S)": 15.865187273832648
		},
		"l16": {
			"Source bus": "b9",
			"Target bus": "b10",
			"Reactance (ohms)": 0.0845,
			"Susceptance (S)": 20.65478404727017
		},
		"l17": {
			"Source bus": "b9",
			"Target bus": "b14",
			"Reactance (ohms)": 0.27038,
			"Susceptance (S)": 6.4550974628091184
		},
		"l18": {
			"Source bus": "b10",
			"Target bus": "b11",
			"Reactance (ohms)": 0.19207,
			"Susceptance (S)": 9.08694357262628
		},
		"l19": {
			"Source bus": "b12",
			"Target bus": "b13",
			"Reactance (ohms)": 0.19988,
			"Susceptance (S)": 8.73188539120637
		},
		"l20": {
			"Source bus": "b13",
			"Target bus": "b14",
			"Reactance (ohms)": 0.34802,
			"Susceptance (S)": 5.0150257226433235
		}
	},
	"Buses": {
		"b1": {
			"s1": {
				"Load (MW)":[
					0.0,
					0.0,
					0.0,
					0.0,
					0.0,
					0.0,
					0.0,
					0.0
				],
"Probability":1
			}
		},
		"b2": {
			"s1": {
				"Load (MW)":[
					21.500499519302085,
					22.077491148478156,
					21.059526818531403,
					22.34960208062081,
					20.279434962020993,
					20.9238223167084,
					20.393180296017476,
					20.964686102124073
				],
"Probability":1
			}
		},
		"b3": {
			"s1": {
				"Load (MW)":[
					92.18823683358295,
					93.69571030268719,
					93.93068387221224,
					96.7106384361928,
					89.22781427373191,
					88.77287201303484,
					89.13806050023683,
					88.5517286837436
				],
"Probability":1
			}
		},
		"b4": {
			"s1": {
				"Load (MW)":[
					47.47018301344677,
					47.338752780506475,
					47.460265428332946,
					49.202678920133835,
					43.64402024841316,
					43.42281989422276,
					44.82469408412767,
					45.69739229717542
				],
"Probability":1
			}
		},