{
"LMPs": {
	"b1":[
		9.614507,
		9.614507,
		9.614507,
		10.196648,
		8.620694,
		9.408671,
		2500.0,
		2481.334175,
		9.014683,
		10.196648,
		9.014683,
		9.408671,
		9.408671,
		9.408671,
		9.408671,
		9.408671,
		9.408671,
		9.408671,
		9.408671,
		9.408671,
		9.408671,
		9.614507,
		9.408671,
		9.408671,
		9.614507,
		9.408671,
		9.408671,
		2480.976822,
		2500.0,
		9.457625,
		9.408671,
		2481.80298,
		2500.0,
		2500.0,
		2480.3565,
		9.014683,
		10.008496,
		9.614507,
		9.457625,
		2480.976822,
		2500.0,
		9.614507,
		9.457625,
		9.77139,
		10.185876,
		10.169415,
		8.853763,
		2479.802206,
		2500.0,
		8.853763,
		10.235443,
		2500.0,
		4971.362314,
		2500.0,
		11.862367,
		8.174508,
		9.614507,
		17.037343,
		9.614507,
		11.022192,
		9.614507,
		11.862367,
		11.493892,
		9.614507,
		12.636629,
		9.614507,
		9.614507,
		13.779366,
		9.614507,
		2480.770985,
		2500.0,
		10.185876,
		9.614507,
		9.614507,
		2479.963125,
		2500.0,
		9.614507,
		11.022192,
		2479.283869,
		2500.0,
		9.614507,
		2479.283869,
		2500.0,
		10.185876,
		10.185876,
		9.014683,
		10.628818,
		9.457625,
		9.614507,
		9.614507,
		9.614507,
		9.408671,
		9.614507,
		9.614507,
		2500.0,
		2480.976822]
,

	"b2":[
		9.614507,
		9.614507,
		9.614507,
		10.196648,
		8.620694,
		9.408671,
		2500.0,
		2481.334175,
		9.014683,
		10.196648,
		9.014683,
		9.408671,
		9.408671,
		9.408671,
		9.408671,
		9.408671,
		9.408671,
		9.408671,
		9.408671,
		9.408671,
		9.408671,
		9.614507,
		9.408671,
		9.408671,
		9.614507,
		9.408671,
		9.408671,
		2480.976822,
		2500.0,
		9.457625,
		9.408671,
		2481.80298,
		2500.0,
		2500.0,
		2480.3565,
		9.014683,
		10.008496,
		9.614507,
		9.457625,
		2480.976822,
		2500.0,
		9.614507,
		9.457625,
		9.77139,
		10.185876,
		10.169415,
		8.853763,
		2479.802206,
		2500.0,
		8.853763,
		10.235443,
		2500.0,
		4971.362314,
		2500.0,
		11.862367,
		8.174508,
		9.614507,
		17.037343,
		9.614507,
		11.022192,
		9.614507,
		11.862367,
		11.493892,
		9.614507,
		12.636629,
		9.614507,
		9.614507,
		13.779366,
		9.614507,
		2480.770985,
		2500.0,
		10.185876,
		9.614507,
		9.614507,
		2479.963125,
		2500.0,
		9.614507,
		11.022192,
		2479.283869,
		2500.0,
		9.614507,
		2479.283869,
		2500.0,
		10.185876,
		10.185876,
		9.014683,
		10.628818,
		9.457625,
		9.614507,
		9.614507,
		9.614507,
		9.408671,
		9.614507,
		9.614507,
		2500.0,
		2480.976822]
,

	"b3":[
		9.614507,
		9.614507,
		9.614507,
		10.196648,
		8.620694,
		9.408671,
		2500.0,
		2481.334175,
		9.014683,
		10.196648,
		9.014683,
		9.408671,
		9.408671,
		9.408671,
		9.408671,
		9.408671,
		9.408671,
		9.408671,
		9.408671,
		9.408671,
		9.408671,
		9.614507,
		9.408671,
		9.408671,
		9.614507,
		9.408671,
		9.408671,
		2480.976822,
		2500.0,
		9.457625,
		9.408671,
		2481.80298,
		2500.0,
		2500.0,
		2480.3565,
		9.014683,
		10.008496,
		9.614507,
		9.457625,
		2480.976822,
		2500.0,
		9.614507,
		9.457625,
		9.77139,
		10.185876,
		10.169415,
		8.853763,
		2479.802206,
		2500.0,
		8.853763,
		10.235443,
		2500.0,
		4971.362314,
		2500.0,
		11.862367,
		8.174508,
		9.614507,
		17.037343,
		9.614507,
		11.022192,
		9.614507,
		11.862367,
		11.493892,
		9.614507,
		12.636629,
		9.614507,
		9.614507,
		13.779366,
		9.614507,
		2480.770985,
		2500.0,
		10.185876,
		9.614507,
		9.614507,
		2479.963125,
		2500.0,
		9.614507,
		11.022192,
		2479.283869,
		2500.0,
		9.614507,
		2479.283869,
		2500.0,
		10.185876,
		10.185876,
		9.014683,
		10.628818,
		9.457625,
		9.614507,
		9.614507,
		9.614507,
		9.408671,
		9.614507,
		9.614507,
		2500.0,
		2480.976822]
,

	"b4":[
		9.614507,
		9.614507,
		9.614507,
		10.196648,
		8.620694,
		9.408671,
		2500.0,
		2481.334175,
		9.014683,
		10.196648,
		9.014683,
		9.408671,
		9.408671,
		9.408671,
		9.408671,
		9.408671,
		9.408671,
		9.408671,
		9.408671,
		9.408671,
		9.408671,
		9.614507,
		9.408671,
		9.408671,
		9.614507,
		9.408671,
		9.408671,
		2480.976822,
		2500.0,
		9.457625,
		9.408671,
		2481.80298,
		2500.0,
		2500.0,
		2480.3565,
		9.014683,
		10.008496,
		9.614507,
		9.457625,
		2480.976822,
		2500.0,
		9.614507,
		9.457625,
		9.77139,
		10.185876,
		10.169415,
		8.853763,
		2479.802206,
		2500.0,
		8.853763,
		10.235443,
		2500.0,
		4971.362314,
		2500.0,
		11.862367,
		8.174508,
		9.614507,
		17.037343,
		9.614507,
		11.022192,
		9.614507,
		11.862367,
		11.493892,
		9.614507,
		12.636629,
		9.614507,
		9.614507,
		13.779366,
		9.614507,
		2480.770985,
		2500.0,
		10.185876,
		9.614507,
		9.614507,
		2479.963125,
		2500.0,
		9.614507,
		11.022192,
		2479.283869,
		2500.0,
		9.614507,
		2479.283869,
		2500.0,
		10.185876,
		10.185876,
		9.014683,
		10.628818,
		9.457625,
		9.614507,
		9.614507,
		9.614507,
		9.408671,
		9.614507,
		9.614507,
		2500.0,
		2480.976822]
,

	"b5":[
		9.614507,
		9.614507,
		9.614507,
		10.196648,
		8.620694,
		9.408671,
		2500.0,
		2481.334175,
		9.014683,
		10.196648,
		9.014683,
		9.408671,
		9.408671,
		9.408671,
		9.408671,
		9.408671,
		9.408671,
		9.408671,
		9.408671,
		9.408671,
		9.408671,
		9.614507,
		9.408671,
		9.408671,
		9.614507,
		9.408671,
		9.408671,
		2480.976822,
		2500.0,
		9.457625,
		9.408671,
		2481.80298,
		2500.0,
		2500.0,
		2480.3565,
		9.014683,
		10.008496,
		9.614507,
		9.457625,
		2480.976822,
		2500.0,
		9.614507,
		9.457625,
		9.77139,
		10.185876,
		10.169415,
		8.853763,
		2479.802206,
		2500.0,
		8.853763,
		10.235443,
		2500.0,
		4971.362314,
		2500.0,
		11.862367,
		8.174508,
		9.614507,
		17.037343,
		9.614507,
		11.022192,
		9.614507,
		11.862367,
		11.493892,
		9.614507,
		12.636629,
		9.614507,
		9.614507,
		13.779366,
		9.614507,
		2480.770985,
		2500.0,
		10.185876,
		9.614507,
		9.614507,
		2479.963125,
		2500.0,
		9.614507,
		11.022192,
		2479.283869,
		2500.0,
		9.614507,
		2479.283869,
		2500.0,
		10.185876,
		10.185876,
		9.014683,
		10.628818,
		9.457625,
		9.614507,
		9.614507,
		9.614507,
		9.408671,
		9.614507,
		9.614507,
		2500.0,
		2480.976822]
,

	"b6":[
		9.614507,
		9.614507,
		9.614507,
		10.196648,
		8.620694,
		9.408671,
		2500.0,
		2481.334175,
		9.014683,
		10.196648,
		9.014683,
		9.408671,
		9.408671,
		9.408671,
		9.408671,
		9.408671,
		9.408671,
		9.408671,
		9.408671,
		9.408671,
		9.408671,
		9.614507,
		9.408671,
		9.408671,
		9.614507,
		9.408671,
		9.408671,
		2480.976822,
		2500.0,
		9.457625,
		9.408671,
		2481.80298,
		2500.0,
		2500.0,
		2480.3565,
		9.014683,
		10.008496,
		9.614507,
		9.457625,
		2480.976822,
		2500.0,
		9.614507,
		9.457625,
		9.77139,
		10.185876,
		10.169415,
		8.853763,
		2479.802206,
		2500.0,
		8.853763,
		10.235443,
		2500.0,
		4971.362314,
		2500.0,
		11.862367,
		8.174508,
		9.614507,
		17.037343,
		9.614507,
		11.022192,
		9.614507,
		11.862367,
		11.493892,
		9.614507,
		12.636629,
		9.614507,
		9.614507,
		13.779366,
		9.614507,
		2480.770985,
		2500.0,
		10.185876,
		9.614507,
		9.614507,
		2479.963125,
		2500.0,
		9.614507,
		11.022192,
		2479.283869,
		2500.0,
		9.614507,
		2479.283869,
		2500.0,
		10.185876,
		10.185876,
		9.014683,
		10.628818,
		9.457625,
		9.614507,
		9.614507,
		9.614507,
		9.408671,
		9.614507,
		9.614507,
		2500.0,
		2480.976822]
,