{
"LMPs": {
	"b1":[
		2500.0,
		2480.976822,
		9.408671,
		9.408671,
		9.408671,
		9.408671,
		2500.0,
		4971.925504,
		2500.0,
		9.408671,
		2500.0,
		2480.976822,
		9.408671,
		2481.182658,
		2500.0,
		9.408671,
		9.408671,
		9.408671,
		9.802659,
		9.014683,
		9.408671,
		9.408671,
		9.408671,
		9.408671,
		9.457625,
		9.457625,
		9.408671,
		9.802659,
		9.014683,
		9.408671,
		9.457625,
		9.408671,
		9.408671,
		9.555532,
		9.408671,
		9.408671,
		9.457625,
		2480.3565,
		2500.0,
		9.614507,
		2500.0,
		2480.976822,
		9.014683,
		10.008496,
		9.614507,
		11.022192,
		9.920928,
		9.457625,
		9.614507,
		11.022192,
		2500.0,
		4968.940933,
		2500.0,
		9.614507,
		9.614507,
		9.614507,
		9.614507,
		2500.0,
		2471.363574,
		11.493892,
		9.614507,
		2500.0,
		2472.531654,
		9.614507,
		9.614507,
		11.862367,
		8.853763,
		10.757244,
		9.614507,
		10.185876,
		9.614507,
		2500.0,
		2477.748864,
		9.457625,
		10.185876,
		9.614507,
		9.614507,
		9.614507,
		11.022192,
		10.185876,
		9.614507,
		10.185876,
		2479.963125,
		2500.0,
		9.614507,
		9.014683,
		10.214332,
		10.185876,
		11.858509,
		11.862367,
		11.183112,
		8.853763,
		9.614507,
		9.408671,
		2480.976822,
		2500.0]
,

	"b2":[
		2500.0,
		2480.976822,
		9.408671,
		9.408671,
		9.408671,
		9.408671,
		2500.0,
		4971.925504,
		2500.0,
		9.408671,
		2500.0,
		2480.976822,
		9.408671,
		2481.182658,
		2500.0,
		9.408671,
		9.408671,
		9.408671,
		9.802659,
		9.014683,
		9.408671,
		9.408671,
		9.408671,
		9.408671,
		9.457625,
		9.457625,
		9.408671,
		9.802659,
		9.014683,
		9.408671,
		9.457625,
		9.408671,
		9.408671,
		9.555532,
		9.408671,
		9.408671,
		9.457625,
		2480.3565,
		2500.0,
		9.614507,
		2500.0,
		2480.976822,
		9.014683,
		10.008496,
		9.614507,
		11.022192,
		9.920928,
		9.457625,
		9.614507,
		11.022192,
		2500.0,
		4968.940933,
		2500.0,
		9.614507,
		9.614507,
		9.614507,
		9.614507,
		2500.0,
		2471.363574,
		11.493892,
		9.614507,
		2500.0,
		2472.531654,
		9.614507,
		9.614507,
		11.862367,
		8.853763,
		10.757244,
		9.614507,
		10.185876,
		9.614507,
		2500.0,
		2477.748864,
		9.457625,
		10.185876,
		9.614507,
		9.614507,
		9.614507,
		11.022192,
		10.185876,
		9.614507,
		10.185876,
		2479.963125,
		2500.0,
		9.614507,
		9.014683,
		10.214332,
		10.185876,
		11.858509,
		11.862367,
		11.183112,
		8.853763,
		9.614507,
		9.408671,
		2480.976822,
		2500.0]
,

	"b3":[
		2500.0,
		2480.976822,
		9.408671,
		9.408671,
		9.408671,
		9.408671,
		2500.0,
		4971.925504,
		2500.0,
		9.408671,
		2500.0,
		2480.976822,
		9.408671,
		2481.182658,
		2500.0,
		9.408671,
		9.408671,
		9.408671,
		9.802659,
		9.014683,
		9.408671,
		9.408671,
		9.408671,
		9.408671,
		9.457625,
		9.457625,
		9.408671,
		9.802659,
		9.014683,
		9.408671,
		9.457625,
		9.408671,
		9.408671,
		9.555532,
		9.408671,
		9.408671,
		9.457625,
		2480.3565,
		2500.0,
		9.614507,
		2500.0,
		2480.976822,
		9.014683,
		10.008496,
		9.614507,
		11.022192,
		9.920928,
		9.457625,
		9.614507,
		11.022192,
		2500.0,
		4968.940933,
		2500.0,
		9.614507,
		9.614507,
		9.614507,
		9.614507,
		2500.0,
		2471.363574,
		11.493892,
		9.614507,
		2500.0,
		2472.531654,
		9.614507,
		9.614507,
		11.862367,
		8.853763,
		10.757244,
		9.614507,
		10.185876,
		9.614507,
		2500.0,
		2477.748864,
		9.457625,
		10.185876,
		9.614507,
		9.614507,
		9.614507,
		11.022192,
		10.185876,
		9.614507,
		10.185876,
		2479.963125,
		2500.0,
		9.614507,
		9.014683,
		10.214332,
		10.185876,
		11.858509,
		11.862367,
		11.183112,
		8.853763,
		9.614507,
		9.408671,
		2480.976822,
		2500.0]
,

	"b4":[
		2500.0,
		2480.976822,
		9.408671,
		9.408671,
		9.408671,
		9.408671,
		2500.0,
		4971.925504,
		2500.0,
		9.408671,
		2500.0,
		2480.976822,
		9.408671,
		2481.182658,
		2500.0,
		9.408671,
		9.408671,
		9.408671,
		9.802659,
		9.014683,
		9.408671,
		9.408671,
		9.408671,
		9.408671,
		9.457625,
		9.457625,
		9.408671,
		9.802659,
		9.014683,
		9.408671,
		9.457625,
		9.408671,
		9.408671,
		9.555532,
		9.408671,
		9.408671,
		9.457625,
		2480.3565,
		2500.0,
		9.614507,
		2500.0,
		2480.976822,
		9.014683,
		10.008496,
		9.614507,
		11.022192,
		9.920928,
		9.457625,
		9.614507,
		11.022192,
		2500.0,
		4968.940933,
		2500.0,
		9.614507,
		9.614507,
		9.614507,
		9.614507,
		2500.0,
		2471.363574,
		11.493892,
		9.614507,
		2500.0,
		2472.531654,
		9.614507,
		9.614507,
		11.862367,
		8.853763,
		10.757244,
		9.614507,
		10.185876,
		9.614507,
		2500.0,
		2477.748864,
		9.457625,
		10.185876,
		9.614507,
		9.614507,
		9.614507,
		11.022192,
		10.185876,
		9.614507,
		10.185876,
		2479.963125,
		2500.0,
		9.614507,
		9.014683,
		10.214332,
		10.185876,
		11.858509,
		11.862367,
		11.183112,
		8.853763,
		9.614507,
		9.408671,
		2480.976822,
		2500.0]
,

	"b5":[
		2500.0,
		2480.976822,
		9.408671,
		9.408671,
		9.408671,
		9.408671,
		2500.0,
		4971.925504,
		2500.0,
		9.408671,
		2500.0,
		2480.976822,
		9.408671,
		2481.182658,
		2500.0,
		9.408671,
		9.408671,
		9.408671,
		9.802659,
		9.014683,
		9.408671,
		9.408671,
		9.408671,
		9.408671,
		9.457625,
		9.457625,
		9.408671,
		9.802659,
		9.014683,
		9.408671,
		9.457625,
		9.408671,
		9.408671,
		9.555532,
		9.408671,
		9.408671,
		9.457625,
		2480.3565,
		2500.0,
		9.614507,
		2500.0,
		2480.976822,
		9.014683,
		10.008496,
		9.614507,
		11.022192,
		9.920928,
		9.457625,
		9.614507,
		11.022192,
		2500.0,
		4968.940933,
		2500.0,
		9.614507,
		9.614507,
		9.614507,
		9.614507,
		2500.0,
		2471.363574,
		11.493892,
		9.614507,
		2500.0,
		2472.531654,
		9.614507,
		9.614507,
		11.862367,
		8.853763,
		10.757244,
		9.614507,
		10.185876,
		9.614507,
		2500.0,
		2477.748864,
		9.457625,
		10.185876,
		9.614507,
		9.614507,
		9.614507,
		11.022192,
		10.185876,
		9.614507,
		10.185876,
		2479.963125,
		2500.0,
		9.614507,
		9.014683,
		10.214332,
		10.185876,
		11.858509,
		11.862367,
		11.183112,
		8.853763,
		9.614507,
		9.408671,
		2480.976822,
		2500.0]
,

	"b6":[
		2500.0,
		2480.976822,
		9.408671,
		9.408671,
		9.408671,
		9.408671,
		2500.0,
		4971.925504,
		2500.0,
		9.408671,
		2500.0,
		2480.976822,
		9.408671,
		2481.182658,
		2500.0,
		9.408671,
		9.408671,
		9.408671,
		9.802659,
		9.014683,
		9.408671,
		9.408671,
		9.408671,
		9.408671,
		9.457625,
		9.457625,
		9.408671,
		9.802659,
		9.014683,
		9.408671,
		9.457625,
		9.408671,
		9.408671,
		9.555532,
		9.408671,
		9.408671,
		9.457625,
		2480.3565,
		2500.0,
		9.614507,
		2500.0,
		2480.976822,
		9.014683,
		10.008496,
		9.614507,
		11.022192,
		9.920928,
		9.457625,
		9.614507,
		11.022192,
		2500.0,
		4968.940933,
		2500.0,
		9.614507,
		9.614507,
		9.614507,
		9.614507,
		2500.0,
		2471.363574,
		11.493892,
		9.614507,
		2500.0,
		2472.531654,
		9.614507,
		9.614507,
		11.862367,
		8.853763,
		10.757244,
		9.614507,
		10.185876,
		9.614507,
		2500.0,
		2477.748864,
		9.457625,
		10.185876,
		9.614507,
		9.614507,
		9.614507,
		11.022192,
		10.185876,
		9.614507,
		10.185876,
		2479.963125,
		2500.0,
		9.614507,
		9.014683,
		10.214332,
		10.185876,
		11.858509,
		11.862367,
		11.183112,
		8.853763,
		9.614507,
		9.408671,
		2480.976822,
		2500.0]
,