{
"LMPs": {
	"b1":[
		2480.976822,
		2500.0,
		9.408671,
		9.408671,
		9.614507,
		2500.0,
		2480.976822,
		9.408671,
		9.408671,
		9.408671,
		9.408671,
		9.408671,
		9.408671,
		9.408671,
		9.408671,
		9.408671,
		9.408671,
		9.408671,
		9.257154,
		9.257154,
		9.408671,
		2500.0,
		2481.182658,
		9.408671,
		2481.182658,
		2500.0,
		9.408671,
		9.408671,
		9.408671,
		9.614507,
		9.408671,
		9.614507,
		10.185876,
		10.185876,
		9.614507,
		9.614507,
		9.614507,
		9.457625,
		10.185876,
		10.185876,
		4967.562988,
		2500.0,
		2500.0,
		9.614507,
		10.185876,
		11.022192,
		10.214332,
		9.014683,
		9.614507,
		9.614507,
		9.614507,
		2500.0,
		2480.3565,
		9.614507,
		2479.963125,
		2500.0,
		9.614507,
		10.185876,
		11.022192,
		9.614507,
		9.457625,
		9.614507,
		9.614507,
		9.614507,
		11.862367,
		11.862367,
		14.798864,
		11.871125,
		9.614507,
		11.022192,
		2500.0,
		4970.170624,
		2500.0,
		10.185876,
		2481.342354,
		2500.0,
		12.479746,
		9.614507,
		12.351552,
		2500.0,
		2478.320232,
		9.614507,
		2500.0,
		2480.976822,
		9.457625,
		9.614507,
		11.328613,
		9.614507,
		9.614507,
		9.614507,
		9.614507,
		9.457625,
		9.614507,
		9.614507,
		9.614507,
		9.408671]
,

	"b2":[
		2480.976822,
		2500.0,
		9.408671,
		9.408671,
		9.614507,
		2500.0,
		2480.976822,
		9.408671,
		9.408671,
		9.408671,
		9.408671,
		9.408671,
		9.408671,
		9.408671,
		9.408671,
		9.408671,
		9.408671,
		9.408671,
		9.257154,
		9.257154,
		9.408671,
		2500.0,
		2481.182658,
		9.408671,
		2481.182658,
		2500.0,
		9.408671,
		9.408671,
		9.408671,
		9.614507,
		9.408671,
		9.614507,
		10.185876,
		10.185876,
		9.614507,
		9.614507,
		9.614507,
		9.457625,
		10.185876,
		10.185876,
		4967.562988,
		2500.0,
		2500.0,
		9.614507,
		10.185876,
		11.022192,
		10.214332,
		9.014683,
		9.614507,
		9.614507,
		9.614507,
		2500.0,
		2480.3565,
		9.614507,
		2479.963125,
		2500.0,
		9.614507,
		10.185876,
		11.022192,
		9.614507,
		9.457625,
		9.614507,
		9.614507,
		9.614507,
		11.862367,
		11.862367,
		14.798864,
		11.871125,
		9.614507,
		11.022192,
		2500.0,
		4970.170624,
		2500.0,
		10.185876,
		2481.342354,
		2500.0,
		12.479746,
		9.614507,
		12.351552,
		2500.0,
		2478.320232,
		9.614507,
		2500.0,
		2480.976822,
		9.457625,
		9.614507,
		11.328613,
		9.614507,
		9.614507,
		9.614507,
		9.614507,
		9.457625,
		9.614507,
		9.614507,
		9.614507,
		9.408671]
,

	"b3":[
		2480.976822,
		2500.0,
		9.408671,
		9.408671,
		9.614507,
		2500.0,
		2480.976822,
		9.408671,
		9.408671,
		9.408671,
		9.408671,
		9.408671,
		9.408671,
		9.408671,
		9.408671,
		9.408671,
		9.408671,
		9.408671,
		9.257154,
		9.257154,
		9.408671,
		2500.0,
		2481.182658,
		9.408671,
		2481.182658,
		2500.0,
		9.408671,
		9.408671,
		9.408671,
		9.614507,
		9.408671,
		9.614507,
		10.185876,
		10.185876,
		9.614507,
		9.614507,
		9.614507,
		9.457625,
		10.185876,
		10.185876,
		4967.562988,
		2500.0,
		2500.0,
		9.614507,
		10.185876,
		11.022192,
		10.214332,
		9.014683,
		9.614507,
		9.614507,
		9.614507,
		2500.0,
		2480.3565,
		9.614507,
		2479.963125,
		2500.0,
		9.614507,
		10.185876,
		11.022192,
		9.614507,
		9.457625,
		9.614507,
		9.614507,
		9.614507,
		11.862367,
		11.862367,
		14.798864,
		11.871125,
		9.614507,
		11.022192,
		2500.0,
		4970.170624,
		2500.0,
		10.185876,
		2481.342354,
		2500.0,
		12.479746,
		9.614507,
		12.351552,
		2500.0,
		2478.320232,
		9.614507,
		2500.0,
		2480.976822,
		9.457625,
		9.614507,
		11.328613,
		9.614507,
		9.614507,
		9.614507,
		9.614507,
		9.457625,
		9.614507,
		9.614507,
		9.614507,
		9.408671]
,

	"b4":[
		2480.976822,
		2500.0,
		9.408671,
		9.408671,
		9.614507,
		2500.0,
		2480.976822,
		9.408671,
		9.408671,
		9.408671,
		9.408671,
		9.408671,
		9.408671,
		9.408671,
		9.408671,
		9.408671,
		9.408671,
		9.408671,
		9.257154,
		9.257154,
		9.408671,
		2500.0,
		2481.182658,
		9.408671,
		2481.182658,
		2500.0,
		9.408671,
		9.408671,
		9.408671,
		9.614507,
		9.408671,
		9.614507,
		10.185876,
		10.185876,
		9.614507,
		9.614507,
		9.614507,
		9.457625,
		10.185876,
		10.185876,
		4967.562988,
		2500.0,
		2500.0,
		9.614507,
		10.185876,
		11.022192,
		10.214332,
		9.014683,
		9.614507,
		9.614507,
		9.614507,
		2500.0,
		2480.3565,
		9.614507,
		2479.963125,
		2500.0,
		9.614507,
		10.185876,
		11.022192,
		9.614507,
		9.457625,
		9.614507,
		9.614507,
		9.614507,
		11.862367,
		11.862367,
		14.798864,
		11.871125,
		9.614507,
		11.022192,
		2500.0,
		4970.170624,
		2500.0,
		10.185876,
		2481.342354,
		2500.0,
		12.479746,
		9.614507,
		12.351552,
		2500.0,
		2478.320232,
		9.614507,
		2500.0,
		2480.976822,
		9.457625,
		9.614507,
		11.328613,
		9.614507,
		9.614507,
		9.614507,
		9.614507,
		9.457625,
		9.614507,
		9.614507,
		9.614507,
		9.408671]
,

	"b5":[
		2480.976822,
		2500.0,
		9.408671,
		9.408671,
		9.614507,
		2500.0,
		2480.976822,
		9.408671,
		9.408671,
		9.408671,
		9.408671,
		9.408671,
		9.408671,
		9.408671,
		9.408671,
		9.408671,
		9.408671,
		9.408671,
		9.257154,
		9.257154,
		9.408671,
		2500.0,
		2481.182658,
		9.408671,
		2481.182658,
		2500.0,
		9.408671,
		9.408671,
		9.408671,
		9.614507,
		9.408671,
		9.614507,
		10.185876,
		10.185876,
		9.614507,
		9.614507,
		9.614507,
		9.457625,
		10.185876,
		10.185876,
		4967.562988,
		2500.0,
		2500.0,
		9.614507,
		10.185876,
		11.022192,
		10.214332,
		9.014683,
		9.614507,
		9.614507,
		9.614507,
		2500.0,
		2480.3565,
		9.614507,
		2479.963125,
		2500.0,
		9.614507,
		10.185876,
		11.022192,
		9.614507,
		9.457625,
		9.614507,
		9.614507,
		9.614507,
		11.862367,
		11.862367,
		14.798864,
		11.871125,
		9.614507,
		11.022192,
		2500.0,
		4970.170624,
		2500.0,
		10.185876,
		2481.342354,
		2500.0,
		12.479746,
		9.614507,
		12.351552,
		2500.0,
		2478.320232,
		9.614507,
		2500.0,
		2480.976822,
		9.457625,
		9.614507,
		11.328613,
		9.614507,
		9.614507,
		9.614507,
		9.614507,
		9.457625,
		9.614507,
		9.614507,
		9.614507,
		9.408671]
,

	"b6":[
		2480.976822,
		2500.0,
		9.408671,
		9.408671,
		9.614507,
		2500.0,
		2480.976822,
		9.408671,
		9.408671,
		9.408671,
		9.408671,
		9.408671,
		9.408671,
		9.408671,
		9.408671,
		9.408671,
		9.408671,
		9.408671,
		9.257154,
		9.257154,
		9.408671,
		2500.0,
		2481.182658,
		9.408671,
		2481.182658,
		2500.0,
		9.408671,
		9.408671,
		9.408671,
		9.614507,
		9.408671,
		9.614507,
		10.185876,
		10.185876,
		9.614507,
		9.614507,
		9.614507,
		9.457625,
		10.185876,
		10.185876,
		4967.562988,
		2500.0,
		2500.0,
		9.614507,
		10.185876,
		11.022192,
		10.214332,
		9.014683,
		9.614507,
		9.614507,
		9.614507,
		2500.0,
		2480.3565,
		9.614507,
		2479.963125,
		2500.0,
		9.614507,
		10.185876,
		11.022192,
		9.614507,
		9.457625,
		9.614507,
		9.614507,
		9.614507,
		11.862367,
		11.862367,
		14.798864,
		11.871125,
		9.614507,
		11.022192,
		2500.0,
		4970.170624,
		2500.0,
		10.185876,
		2481.342354,
		2500.0,
		12.479746,
		9.614507,
		12.351552,
		2500.0,
		2478.320232,
		9.614507,
		2500.0,
		2480.976822,
		9.457625,
		9.614507,
		11.328613,
		9.614507,
		9.614507,
		9.614507,
		9.614507,
		9.457625,
		9.614507,
		9.614507,
		9.614507,
		9.408671]
,