{
"Average LMPs":{
	"DAMC_s5":[
		9.614507000000001,
		9.552756200000001,
		9.614507000000001,
		9.573339800000001,
		9.4704218,
		9.4704218,
		9.4910054,
		9.449838199999999,
		9.408671,
		9.429254599999998,
		9.408671,
		9.408671,
		9.408671,
		9.408671,
		9.408671,
		9.408671,
		9.408671,
		9.408671,
		9.408671,
		9.408671,
		9.4704218,
		9.4910054,
		9.449838199999999,
		9.4704218,
		9.447834200000004,
		9.462520300000005,
		9.452729600000005,
		9.452729500000004,
		9.536066000000003,
		9.567442400000003,
		9.551754200000003,
		9.520377800000004,
		9.614507000000001,
		9.614507000000001,
		9.598818800000002,
		9.614507000000001,
		9.614507000000001,
		9.614507000000001,
		9.614507000000001,
		9.614507000000001,
		9.900191500000004,
		9.900191500000004,
		9.728780800000003,
		9.728780800000003,
		9.671643900000003,
		9.728780800000003,
		9.728780800000003,
		9.900191500000004,
		10.145266900000005,
		10.128739000000005,
		10.488057700000002,
		10.161794600000004,
		10.672264900000004,
		10.353525100000006,
		10.169317700000004,
		10.202403700000003,
		10.443717500000004,
		11.175212400000003,
		10.819594600000004,
		10.631656000000003,
		10.709082200000001,
		10.913579000000004,
		10.467738,
		11.044350200000002,
		11.326273,
		10.839883800000003,
		11.158623900000004,
		10.762457700000002,
		10.9541272,
		11.305983800000003,
		11.232288700000002,
		11.101517300000003,
		10.574519100000002,
		9.977617700000003,
		10.370052800000003,
		11.088750800000003,
		9.843054600000004,
		9.900191500000004,
		10.128739000000005,
		10.071602100000003,
		10.504615800000002,
		10.618889600000003,
		10.276068500000004,
		10.806828100000002,
		9.900191500000004,
		10.014465200000004,
		9.957328400000005,
		9.900191500000004,
		9.614507000000001,
		9.614507000000001,
		9.614507000000001,
		9.614507000000001,
		9.614507000000001,
		9.614507000000001,
		9.614507000000001,
		9.598818800000002
	],
	"DAMC_nf_s5":[
		9.614507000000001,
		9.552756200000001,
		9.614507000000001,
		9.573339800000001,
		9.4704218,
		9.4704218,
		9.4910054,
		9.449838199999999,
		9.408671,
		9.429254599999998,
		9.408671,
		9.408671,
		9.408671,
		9.408671,
		9.408671,
		9.408671,
		9.408671,
		9.408671,
		9.408671,
		9.408671,
		9.4704218,
		9.4910054,
		9.449838199999999,
		9.4704218,
		9.447834200000004,
		9.462520300000005,
		9.452729600000005,
		9.452729500000004,
		9.536066000000003,
		9.567442400000003,
		9.551754200000003,
		9.520377800000004,
		9.614507000000001,
		9.614507000000001,
		9.598818800000002,
		9.614507000000001,
		9.614507000000001,
		9.614507000000001,
		9.614507000000001,
		9.614507000000001,
		9.900191500000004,
		9.900191500000004,
		9.728780800000003,
		9.728780800000003,
		9.671643900000003,
		9.728780800000003,
		9.728780800000003,
		9.900191500000004,
		10.145266900000005,
		10.128739000000005,
		10.488057700000002,
		10.161794600000004,
		10.672264900000004,
		10.353525100000006,
		10.169317700000004,
		10.202403700000003,
		10.443717500000004,
		11.175212400000003,
		10.819594600000004,
		10.631656000000003,
		10.709082200000001,
		10.913579000000004,
		10.467738,
		11.044350200000002,
		11.326273,
		10.839883800000003,
		11.158623900000004,
		10.762457700000002,
		10.9541272,
		11.305983800000003,
		11.232288700000002,
		11.101517300000003,
		10.574519100000002,
		9.977617700000003,
		10.370052800000003,
		11.088750800000003,
		9.843054600000004,
		9.900191500000004,
		10.128739000000005,
		10.071602100000003,
		10.504615800000002,
		10.618889600000003,
		10.276068500000004,
		10.806828100000002,
		9.900191500000004,
		10.014465200000004,
		9.957328400000005,
		9.900191500000004,
		9.614507000000001,
		9.614507000000001,
		9.614507000000001,
		9.614507000000001,
		9.614507000000001,
		9.614507000000001,
		9.614507000000001,
		9.598818800000002
	],
	"DAMC_s10":[
		9.614507000000001,
		9.552756200000001,
		9.614507000000001,
		9.573339800000001,
		9.4704218,
		9.4704218,
		9.4910054,
		9.449838199999999,
		9.408671,
		9.429254599999998,
		9.408671,
		9.408671,
		9.408671,
		9.408671,
		9.408671,
		9.408671,
		9.408671,
		9.408671,
		9.408671,
		9.408671,
		9.4704218,
		9.4910054,
		9.449838199999999,
		9.4704218,
		9.447834200000004,
		9.462520300000005,
		9.452729600000005,
		9.452729500000004,
		9.536066000000003,
		9.567442400000003,
		9.551754200000003,
		9.520377800000004,
		9.614507000000001,
		9.614507000000001,
		9.598818800000002,
		9.614507000000001,
		9.614507000000001,
		9.614507000000001,
		9.614507000000001,
		9.614507000000001,
		9.614507000000001,
		9.614507000000001,
		9.614507000000001,
		9.614507000000001,
		9.671643900000003,
		9.728780800000003,
		9.728780800000003,
		9.900191500000004,
		10.145266900000005,
		10.128739000000005,
		10.488057700000002,
		10.161794600000004,
		10.672264900000004,
		10.353525100000006,
		10.169317700000004,
		10.202403700000003,
		10.443717500000004,
		11.175212400000003,
		10.819594600000004,
		10.631656000000003,
		10.709082200000001,
		10.913579000000004,
		10.467738,
		11.044350200000002,
		11.326273,
		10.839883800000003,
		11.158623900000004,
		10.762457700000002,
		10.9541272,
		11.305983800000003,
		11.232288700000002,
		11.101517300000003,
		10.574519100000002,
		9.977617700000003,
		10.370052800000003,
		11.088750800000003,
		9.843054600000004,
		9.900191500000004,
		10.128739000000005,
		10.071602100000003,
		10.504615800000002,
		10.618889600000003,
		10.276068500000004,
		10.806828100000002,
		9.900191500000004,
		10.014465200000004,
		9.957328400000005,
		9.900191500000004,
		9.614507000000001,
		9.614507000000001,
		9.614507000000001,
		9.614507000000001,
		9.614507000000001,
		9.614507000000001,
		9.614507000000001,
		9.598818800000002
	],
	"DAMC_nf_s10":[
		9.614507000000001,
		9.552756200000001,
		9.614507000000001,
		9.573339800000001,
		9.4704218,
		9.4704218,
		9.4910054,
		9.449838199999999,
		9.408671,
		9.429254599999998,
		9.408671,
		9.408671,
		9.408671,
		9.408671,
		9.408671,
		9.408671,
		9.408671,
		9.408671,
		9.408671,
		9.408671,
		9.4704218,
		9.4910054,
		9.449838199999999,
		9.4704218,
		9.447834200000004,
		9.462520300000005,
		9.452729600000005,
		9.452729500000004,
		9.536066000000003,
		9.567442400000003,
		9.551754200000003,
		9.520377800000004,
		9.614507000000001,
		9.614507000000001,
		9.598818800000002,
		9.614507000000001,
		9.614507000000001,
		9.614507000000001,
		9.614507000000001,
		9.614507000000001,
		9.614507000000001,
		9.614507000000001,
		9.614507000000001,
		9.614507000000001,
		9.671643900000003,
		9.728780800000003,
		9.728780800000003,
		9.900191500000004,
		10.145266900000005,
		10.128739000000005,
		10.488057700000002,
		10.161794600000004,
		10.672264900000004,
		10.353525100000006,
		10.169317700000004,
		10.202403700000003,
		10.443717500000004,
		11.175212400000003,
		10.819594600000004,
		10.631656000000003,
		10.709082200000001,
		10.913579000000004,
		10.467738,
		11.044350200000002,
		11.326273,
		10.839883800000003,
		11.158623900000004,
		10.762457700000002,
		10.9541272,
		11.305983800000003,
		11.232288700000002,
		11.101517300000003,
		10.574519100000002,
		9.977617700000003,
		10.370052800000003,
		11.088750800000003,
		9.843054600000004,
		9.900191500000004,
		10.128739000000005,
		10.071602100000003,
		10.504615800000002,
		10.618889600000003,
		10.276068500000004,
		10.806828100000002,
		9.900191500000004,
		10.014465200000004,
		9.957328400000005,
		9.900191500000004,
		9.614507000000001,
		9.614507000000001,
		9.614507000000001,
		9.614507000000001,
		9.614507000000001,
		9.614507000000001,
		9.614507000000001,
		9.598818800000002
	],