{
"LMPs": {
	"b1":[
		9.614507,
		9.408671,
		9.614507,
		9.614507,
		9.614507,
		9.408671,
		9.614507,
		9.408671,
		9.614507,
		9.408671,
		9.408671,
		9.408671,
		9.408671,
		9.408671,
		9.408671,
		9.408671,
		9.408671,
		9.408671,
		9.408671,
		9.614507,
		9.408671,
		9.408671,
		9.408671,
		9.408671,
		9.408671,
		9.408671,
		9.506578,
		9.457625,
		9.614507,
		9.614507,
		9.614507,
		9.457625,
		9.614507,
		9.457625,
		9.614507,
		9.614507,
		9.614507,
		9.77139,
		9.457625,
		9.614507,
		10.757244,
		10.185876,
		9.614507,
		9.614507,
		10.185876,
		9.614507,
		9.614507,
		9.614507,
		9.614507,
		9.614507,
		11.328613,
		9.614507,
		9.614507,
		12.06526,
		10.185876,
		10.757244,
		9.614507,
		9.614507,
		9.614507,
		9.614507,
		12.636629,
		9.614507,
		11.493892,
		11.493892,
		11.862367,
		9.614507,
		11.862367,
		10.020294,
		9.614507,
		10.757244,
		11.862367,
		9.614507,
		10.185876,
		9.614507,
		11.899678,
		11.862367,
		11.862367,
		9.614507,
		9.614507,
		9.614507,
		9.614507,
		18.198218,
		9.614507,
		12.636629,
		9.614507,
		9.614507,
		10.185876,
		9.614507,
		9.614507,
		9.614507,
		9.614507,
		9.614507,
		9.614507,
		9.614507,
		9.614507,
		9.614507]
,

	"b2":[
		9.614507,
		9.408671,
		9.614507,
		9.614507,
		9.614507,
		9.408671,
		9.614507,
		9.408671,
		9.614507,
		9.408671,
		9.408671,
		9.408671,
		9.408671,
		9.408671,
		9.408671,
		9.408671,
		9.408671,
		9.408671,
		9.408671,
		9.614507,
		9.408671,
		9.408671,
		9.408671,
		9.408671,
		9.408671,
		9.408671,
		9.506578,
		9.457625,
		9.614507,
		9.614507,
		9.614507,
		9.457625,
		9.614507,
		9.457625,
		9.614507,
		9.614507,
		9.614507,
		9.77139,
		9.457625,
		9.614507,
		10.757244,
		10.185876,
		9.614507,
		9.614507,
		10.185876,
		9.614507,
		9.614507,
		9.614507,
		9.614507,
		9.614507,
		11.328613,
		9.614507,
		9.614507,
		12.06526,
		10.185876,
		10.757244,
		9.614507,
		9.614507,
		9.614507,
		9.614507,
		12.636629,
		9.614507,
		11.493892,
		11.493892,
		11.862367,
		9.614507,
		11.862367,
		10.020294,
		9.614507,
		10.757244,
		11.862367,
		9.614507,
		10.185876,
		9.614507,
		11.899678,
		11.862367,
		11.862367,
		9.614507,
		9.614507,
		9.614507,
		9.614507,
		18.198218,
		9.614507,
		12.636629,
		9.614507,
		9.614507,
		10.185876,
		9.614507,
		9.614507,
		9.614507,
		9.614507,
		9.614507,
		9.614507,
		9.614507,
		9.614507,
		9.614507]
,

	"b3":[
		9.614507,
		9.408671,
		9.614507,
		9.614507,
		9.614507,
		9.408671,
		9.614507,
		9.408671,
		9.614507,
		9.408671,
		9.408671,
		9.408671,
		9.408671,
		9.408671,
		9.408671,
		9.408671,
		9.408671,
		9.408671,
		9.408671,
		9.614507,
		9.408671,
		9.408671,
		9.408671,
		9.408671,
		9.408671,
		9.408671,
		9.506578,
		9.457625,
		9.614507,
		9.614507,
		9.614507,
		9.457625,
		9.614507,
		9.457625,
		9.614507,
		9.614507,
		9.614507,
		9.77139,
		9.457625,
		9.614507,
		10.757244,
		10.185876,
		9.614507,
		9.614507,
		10.185876,
		9.614507,
		9.614507,
		9.614507,
		9.614507,
		9.614507,
		11.328613,
		9.614507,
		9.614507,
		12.06526,
		10.185876,
		10.757244,
		9.614507,
		9.614507,
		9.614507,
		9.614507,
		12.636629,
		9.614507,
		11.493892,
		11.493892,
		11.862367,
		9.614507,
		11.862367,
		10.020294,
		9.614507,
		10.757244,
		11.862367,
		9.614507,
		10.185876,
		9.614507,
		11.899678,
		11.862367,
		11.862367,
		9.614507,
		9.614507,
		9.614507,
		9.614507,
		18.198218,
		9.614507,
		12.636629,
		9.614507,
		9.614507,
		10.185876,
		9.614507,
		9.614507,
		9.614507,
		9.614507,
		9.614507,
		9.614507,
		9.614507,
		9.614507,
		9.614507]
,

	"b4":[
		9.614507,
		9.408671,
		9.614507,
		9.614507,
		9.614507,
		9.408671,
		9.614507,
		9.408671,
		9.614507,
		9.408671,
		9.408671,
		9.408671,
		9.408671,
		9.408671,
		9.408671,
		9.408671,
		9.408671,
		9.408671,
		9.408671,
		9.614507,
		9.408671,
		9.408671,
		9.408671,
		9.408671,
		9.408671,
		9.408671,
		9.506578,
		9.457625,
		9.614507,
		9.614507,
		9.614507,
		9.457625,
		9.614507,
		9.457625,
		9.614507,
		9.614507,
		9.614507,
		9.77139,
		9.457625,
		9.614507,
		10.757244,
		10.185876,
		9.614507,
		9.614507,
		10.185876,
		9.614507,
		9.614507,
		9.614507,
		9.614507,
		9.614507,
		11.328613,
		9.614507,
		9.614507,
		12.06526,
		10.185876,
		10.757244,
		9.614507,
		9.614507,
		9.614507,
		9.614507,
		12.636629,
		9.614507,
		11.493892,
		11.493892,
		11.862367,
		9.614507,
		11.862367,
		10.020294,
		9.614507,
		10.757244,
		11.862367,
		9.614507,
		10.185876,
		9.614507,
		11.899678,
		11.862367,
		11.862367,
		9.614507,
		9.614507,
		9.614507,
		9.614507,
		18.198218,
		9.614507,
		12.636629,
		9.614507,
		9.614507,
		10.185876,
		9.614507,
		9.614507,
		9.614507,
		9.614507,
		9.614507,
		9.614507,
		9.614507,
		9.614507,
		9.614507]
,

	"b5":[
		9.614507,
		9.408671,
		9.614507,
		9.614507,
		9.614507,
		9.408671,
		9.614507,
		9.408671,
		9.614507,
		9.408671,
		9.408671,
		9.408671,
		9.408671,
		9.408671,
		9.408671,
		9.408671,
		9.408671,
		9.408671,
		9.408671,
		9.614507,
		9.408671,
		9.408671,
		9.408671,
		9.408671,
		9.408671,
		9.408671,
		9.506578,
		9.457625,
		9.614507,
		9.614507,
		9.614507,
		9.457625,
		9.614507,
		9.457625,
		9.614507,
		9.614507,
		9.614507,
		9.77139,
		9.457625,
		9.614507,
		10.757244,
		10.185876,
		9.614507,
		9.614507,
		10.185876,
		9.614507,
		9.614507,
		9.614507,
		9.614507,
		9.614507,
		11.328613,
		9.614507,
		9.614507,
		12.06526,
		10.185876,
		10.757244,
		9.614507,
		9.614507,
		9.614507,
		9.614507,
		12.636629,
		9.614507,
		11.493892,
		11.493892,
		11.862367,
		9.614507,
		11.862367,
		10.020294,
		9.614507,
		10.757244,
		11.862367,
		9.614507,
		10.185876,
		9.614507,
		11.899678,
		11.862367,
		11.862367,
		9.614507,
		9.614507,
		9.614507,
		9.614507,
		18.198218,
		9.614507,
		12.636629,
		9.614507,
		9.614507,
		10.185876,
		9.614507,
		9.614507,
		9.614507,
		9.614507,
		9.614507,
		9.614507,
		9.614507,
		9.614507,
		9.614507]
,

	"b6":[
		9.614507,
		9.408671,
		9.614507,
		9.614507,
		9.614507,
		9.408671,
		9.614507,
		9.408671,
		9.614507,
		9.408671,
		9.408671,
		9.408671,
		9.408671,
		9.408671,
		9.408671,
		9.408671,
		9.408671,
		9.408671,
		9.408671,
		9.614507,
		9.408671,
		9.408671,
		9.408671,
		9.408671,
		9.408671,
		9.408671,
		9.506578,
		9.457625,
		9.614507,
		9.614507,
		9.614507,
		9.457625,
		9.614507,
		9.457625,
		9.614507,
		9.614507,
		9.614507,
		9.77139,
		9.457625,
		9.614507,
		10.757244,
		10.185876,
		9.614507,
		9.614507,
		10.185876,
		9.614507,
		9.614507,
		9.614507,
		9.614507,
		9.614507,
		11.328613,
		9.614507,
		9.614507,
		12.06526,
		10.185876,
		10.757244,
		9.614507,
		9.614507,
		9.614507,
		9.614507,
		12.636629,
		9.614507,
		11.493892,
		11.493892,
		11.862367,
		9.614507,
		11.862367,
		10.020294,
		9.614507,
		10.757244,
		11.862367,
		9.614507,
		10.185876,
		9.614507,
		11.899678,
		11.862367,
		11.862367,
		9.614507,
		9.614507,
		9.614507,
		9.614507,
		18.198218,
		9.614507,
		12.636629,
		9.614507,
		9.614507,
		10.185876,
		9.614507,
		9.614507,
		9.614507,
		9.614507,
		9.614507,
		9.614507,
		9.614507,
		9.614507,
		9.614507]
,