{
"Average LMPs":{
	"DAMC_s5":[
		9.614507000000001,
		9.614507000000001,
		9.614507000000001,
		9.614507000000001,
		9.408671,
		9.408671,
		9.408671,
		9.408671,
		9.408671,
		9.408671,
		9.408671,
		9.408671,
		9.408671,
		9.408671,
		9.408671,
		9.408671,
		9.408671,
		9.408671,
		9.408671,
		9.408671,
		9.408671,
		9.408671,
		9.408671,
		9.408671,
		9.408671,
		9.408671,
		9.408671,
		9.408671,
		9.588025900000002,
		9.408671,
		9.551754200000003,
		9.408671,
		9.598818800000002,
		9.614507000000001,
		9.583130600000002,
		9.504689600000004,
		9.614507000000001,
		9.614507000000001,
		9.614507000000001,
		9.614507000000001,
		9.614507000000001,
		9.614507000000001,
		9.614507000000001,
		9.614507000000001,
		9.614507000000001,
		9.614507000000001,
		9.614507000000001,
		9.614507000000001,
		10.185876000000006,
		10.185876000000006,
		10.128739100000006,
		10.185876000000006,
		10.185876000000006,
		10.185876000000006,
		10.185876000000006,
		10.185876000000006,
		10.185876000000006,
		10.854928800000003,
		10.185876000000006,
		10.854928800000003,
		10.604034000000004,
		10.854928800000003,
		10.436770800000005,
		11.022192000000002,
		11.022192000000002,
		11.022192000000002,
		11.022192000000002,
		11.126498800000002,
		9.614507000000001,
		10.532844,
		9.785917700000002,
		10.779591600000002,
		9.671643900000003,
		9.900191500000004,
		9.671643900000003,
		9.900191500000004,
		9.614507000000001,
		9.614507000000001,
		9.614507000000001,
		9.614507000000001,
		10.269507600000006,
		9.614507000000001,
		10.185876000000006,
		9.614507000000001,
		9.614507000000001,
		9.614507000000001,
		9.614507000000001,
		9.614507000000001,
		9.614507000000001,
		9.614507000000001,
		9.614507000000001,
		9.614507000000001,
		9.614507000000001,
		9.614507000000001,
		9.614507000000001,
		9.614507000000001
	],
	"DAMC_nf_s5":[
		9.614507000000001,
		9.614507000000001,
		9.614507000000001,
		9.614507000000001,
		9.408671,
		9.408671,
		9.408671,
		9.408671,
		9.408671,
		9.408671,
		9.408671,
		9.408671,
		9.408671,
		9.408671,
		9.408671,
		9.408671,
		9.408671,
		9.408671,
		9.408671,
		9.408671,
		9.408671,
		9.408671,
		9.408671,
		9.408671,
		9.408671,
		9.408671,
		9.408671,
		9.408671,
		9.588025900000002,
		9.408671,
		9.551754200000003,
		9.408671,
		9.598818800000002,
		9.614507000000001,
		9.583130600000002,
		9.504689600000004,
		9.614507000000001,
		9.614507000000001,
		9.614507000000001,
		9.614507000000001,
		9.614507000000001,
		9.614507000000001,
		9.614507000000001,
		9.614507000000001,
		9.614507000000001,
		9.614507000000001,
		9.614507000000001,
		9.614507000000001,
		10.185876000000006,
		10.185876000000006,
		10.128739100000006,
		10.185876000000006,
		10.185876000000006,
		10.185876000000006,
		10.185876000000006,
		10.185876000000006,
		10.185876000000006,
		10.854928800000003,
		10.185876000000006,
		10.854928800000003,
		10.604034000000004,
		10.854928800000003,
		10.436770800000005,
		11.022192000000002,
		11.022192000000002,
		11.022192000000002,
		11.022192000000002,
		11.126498800000002,
		9.614507000000001,
		10.532844,
		9.785917700000002,
		10.779591600000002,
		9.671643900000003,
		9.900191500000004,
		9.671643900000003,
		9.900191500000004,
		9.614507000000001,
		9.614507000000001,
		9.614507000000001,
		9.614507000000001,
		10.269507600000006,
		9.614507000000001,
		10.185876000000006,
		9.614507000000001,
		9.614507000000001,
		9.614507000000001,
		9.614507000000001,
		9.614507000000001,
		9.614507000000001,
		9.614507000000001,
		9.614507000000001,
		9.614507000000001,
		9.614507000000001,
		9.614507000000001,
		9.614507000000001,
		9.614507000000001
	],
	"DAMC_s10":[
		9.614507000000001,
		9.614507000000001,
		9.614507000000001,
		9.614507000000001,
		9.408671,
		9.408671,
		9.408671,
		9.408671,
		9.408671,
		9.408671,
		9.408671,
		9.408671,
		9.408671,
		9.408671,
		9.408671,
		9.408671,
		9.408671,
		9.408671,
		9.408671,
		9.408671,
		9.408671,
		9.408671,
		9.408671,
		9.408671,
		9.408671,
		9.408671,
		9.408671,
		9.408671,
		9.588025900000002,
		9.408671,
		9.567442400000003,
		9.408671,
		9.614507000000001,
		9.614507000000001,
		9.614507000000001,
		9.551754200000003,
		9.614507000000001,
		9.614507000000001,
		9.614507000000001,
		9.614507000000001,
		9.614507000000001,
		9.614507000000001,
		9.614507000000001,
		9.614507000000001,
		9.614507000000001,
		9.614507000000001,
		9.614507000000001,
		9.614507000000001,
		10.185876000000006,
		10.185876000000006,
		10.185876000000006,
		10.185876000000006,
		10.185876000000006,
		10.185876000000006,
		10.185876000000006,
		10.185876000000006,
		10.185876000000006,
		11.493892,
		10.185876000000006,
		11.621022900000003,
		9.826496300000002,
		10.185876000000006,
		10.185876000000006,
		10.185876000000006,
		10.185876000000006,
		10.185876000000006,
		10.185876000000006,
		10.236307900000005,
		9.822939800000002,
		10.740336600000001,
		9.917098700000002,
		10.726926800000001,
		9.671643900000003,
		9.957328400000005,
		9.728780800000003,
		10.014465300000005,
		10.014465300000005,
		10.185876000000006,
		10.128739100000006,
		10.185876000000006,
		10.243012800000006,
		9.614507000000001,
		10.185876000000006,
		9.671643900000003,
		9.614507000000001,
		9.614507000000001,
		9.614507000000001,
		9.614507000000001,
		9.614507000000001,
		9.614507000000001,
		9.614507000000001,
		9.614507000000001,
		9.614507000000001,
		9.614507000000001,
		9.614507000000001,
		9.614507000000001
	],
	"DAMC_nf_s10":[
		9.614507000000001,
		9.614507000000001,
		9.614507000000001,
		9.614507000000001,
		9.408671,
		9.408671,
		9.408671,
		9.408671,
		9.408671,
		9.408671,
		9.408671,
		9.408671,
		9.408671,
		9.408671,
		9.408671,
		9.408671,
		9.408671,
		9.408671,
		9.408671,
		9.408671,
		9.408671,
		9.408671,
		9.408671,
		9.408671,
		9.408671,
		9.408671,
		9.408671,
		9.408671,
		9.588025900000002,
		9.408671,
		9.567442400000003,
		9.408671,
		9.614507000000001,
		9.614507000000001,
		9.614507000000001,
		9.551754200000003,
		9.614507000000001,
		9.614507000000001,
		9.614507000000001,
		9.614507000000001,
		9.614507000000001,
		9.614507000000001,
		9.614507000000001,
		9.614507000000001,
		9.614507000000001,
		9.614507000000001,
		9.614507000000001,
		9.614507000000001,
		10.185876000000006,
		10.185876000000006,
		10.185876000000006,
		10.185876000000006,
		10.185876000000006,
		10.185876000000006,
		10.185876000000006,
		10.185876000000006,
		10.185876000000006,
		11.493892,
		10.185876000000006,
		11.621022900000003,
		9.826496300000002,
		10.185876000000006,
		10.185876000000006,
		10.185876000000006,
		10.185876000000006,
		10.185876000000006,
		10.185876000000006,
		10.236307900000005,
		9.822939800000002,
		10.740336600000001,
		9.917098700000002,
		10.726926800000001,
		9.671643900000003,
		9.957328400000005,
		9.728780800000003,
		10.014465300000005,
		10.014465300000005,
		10.185876000000006,
		10.128739100000006,
		10.185876000000006,
		10.243012800000006,
		9.614507000000001,
		10.185876000000006,
		9.671643900000003,
		9.614507000000001,
		9.614507000000001,
		9.614507000000001,
		9.614507000000001,
		9.614507000000001,
		9.614507000000001,
		9.614507000000001,
		9.614507000000001,
		9.614507000000001,
		9.614507000000001,
		9.614507000000001,
		9.614507000000001
	],