{
"LMPs": {
	"b1":[
		9.614507,
		9.614507,
		9.408671,
		9.614507,
		9.614507,
		9.408671,
		9.408671,
		9.614507,
		9.408671,
		9.408671,
		9.408671,
		9.408671,
		9.408671,
		9.408671,
		9.408671,
		9.408671,
		9.408671,
		9.408671,
		9.408671,
		9.408671,
		9.408671,
		9.408671,
		9.408671,
		9.408671,
		9.614507,
		9.614507,
		9.614507,
		9.614507,
		9.614507,
		9.614507,
		9.614507,
		9.614507,
		9.614507,
		9.614507,
		9.614507,
		9.614507,
		9.614507,
		9.614507,
		9.614507,
		9.614507,
		10.185876,
		9.614507,
		9.614507,
		9.614507,
		9.614507,
		9.614507,
		10.757244,
		9.614507,
		12.06526,
		10.185876,
		9.614507,
		12.06526,
		12.06526,
		9.614507,
		9.614507,
		13.373276,
		11.493892,
		9.614507,
		15.176097,
		15.176097,
		9.614507,
		13.296712,
		15.176097,
		9.614507,
		11.493892,
		11.493892,
		13.296712,
		13.296712,
		9.614507,
		15.176097,
		11.493892,
		11.493892,
		9.614507,
		20.661122,
		9.614507,
		11.493892,
		11.493892,
		10.185876,
		10.185876,
		10.185876,
		10.185876,
		9.614507,
		12.06526,
		12.06526,
		9.614507,
		10.185876,
		10.185876,
		9.614507,
		9.614507,
		9.614507,
		9.614507,
		9.614507,
		9.614507,
		9.614507,
		9.614507,
		9.614507]
,

	"b2":[
		9.614507,
		9.614507,
		9.408671,
		9.614507,
		9.614507,
		9.408671,
		9.408671,
		9.614507,
		9.408671,
		9.408671,
		9.408671,
		9.408671,
		9.408671,
		9.408671,
		9.408671,
		9.408671,
		9.408671,
		9.408671,
		9.408671,
		9.408671,
		9.408671,
		9.408671,
		9.408671,
		9.408671,
		9.614507,
		9.614507,
		9.614507,
		9.614507,
		9.614507,
		9.614507,
		9.614507,
		9.614507,
		9.614507,
		9.614507,
		9.614507,
		9.614507,
		9.614507,
		9.614507,
		9.614507,
		9.614507,
		10.185876,
		9.614507,
		9.614507,
		9.614507,
		9.614507,
		9.614507,
		10.757244,
		9.614507,
		12.06526,
		10.185876,
		9.614507,
		12.06526,
		12.06526,
		9.614507,
		9.614507,
		13.373276,
		11.493892,
		9.614507,
		15.176097,
		15.176097,
		9.614507,
		13.296712,
		15.176097,
		9.614507,
		11.493892,
		11.493892,
		13.296712,
		13.296712,
		9.614507,
		15.176097,
		11.493892,
		11.493892,
		9.614507,
		20.661122,
		9.614507,
		11.493892,
		11.493892,
		10.185876,
		10.185876,
		10.185876,
		10.185876,
		9.614507,
		12.06526,
		12.06526,
		9.614507,
		10.185876,
		10.185876,
		9.614507,
		9.614507,
		9.614507,
		9.614507,
		9.614507,
		9.614507,
		9.614507,
		9.614507,
		9.614507]
,

	"b3":[
		9.614507,
		9.614507,
		9.408671,
		9.614507,
		9.614507,
		9.408671,
		9.408671,
		9.614507,
		9.408671,
		9.408671,
		9.408671,
		9.408671,
		9.408671,
		9.408671,
		9.408671,
		9.408671,
		9.408671,
		9.408671,
		9.408671,
		9.408671,
		9.408671,
		9.408671,
		9.408671,
		9.408671,
		9.614507,
		9.614507,
		9.614507,
		9.614507,
		9.614507,
		9.614507,
		9.614507,
		9.614507,
		9.614507,
		9.614507,
		9.614507,
		9.614507,
		9.614507,
		9.614507,
		9.614507,
		9.614507,
		10.185876,
		9.614507,
		9.614507,
		9.614507,
		9.614507,
		9.614507,
		10.757244,
		9.614507,
		12.06526,
		10.185876,
		9.614507,
		12.06526,
		12.06526,
		9.614507,
		9.614507,
		13.373276,
		11.493892,
		9.614507,
		15.176097,
		15.176097,
		9.614507,
		13.296712,
		15.176097,
		9.614507,
		11.493892,
		11.493892,
		13.296712,
		13.296712,
		9.614507,
		15.176097,
		11.493892,
		11.493892,
		9.614507,
		20.661122,
		9.614507,
		11.493892,
		11.493892,
		10.185876,
		10.185876,
		10.185876,
		10.185876,
		9.614507,
		12.06526,
		12.06526,
		9.614507,
		10.185876,
		10.185876,
		9.614507,
		9.614507,
		9.614507,
		9.614507,
		9.614507,
		9.614507,
		9.614507,
		9.614507,
		9.614507]
,

	"b4":[
		9.614507,
		9.614507,
		9.408671,
		9.614507,
		9.614507,
		9.408671,
		9.408671,
		9.614507,
		9.408671,
		9.408671,
		9.408671,
		9.408671,
		9.408671,
		9.408671,
		9.408671,
		9.408671,
		9.408671,
		9.408671,
		9.408671,
		9.408671,
		9.408671,
		9.408671,
		9.408671,
		9.408671,
		9.614507,
		9.614507,
		9.614507,
		9.614507,
		9.614507,
		9.614507,
		9.614507,
		9.614507,
		9.614507,
		9.614507,
		9.614507,
		9.614507,
		9.614507,
		9.614507,
		9.614507,
		9.614507,
		10.185876,
		9.614507,
		9.614507,
		9.614507,
		9.614507,
		9.614507,
		10.757244,
		9.614507,
		12.06526,
		10.185876,
		9.614507,
		12.06526,
		12.06526,
		9.614507,
		9.614507,
		13.373276,
		11.493892,
		9.614507,
		15.176097,
		15.176097,
		9.614507,
		13.296712,
		15.176097,
		9.614507,
		11.493892,
		11.493892,
		13.296712,
		13.296712,
		9.614507,
		15.176097,
		11.493892,
		11.493892,
		9.614507,
		20.661122,
		9.614507,
		11.493892,
		11.493892,
		10.185876,
		10.185876,
		10.185876,
		10.185876,
		9.614507,
		12.06526,
		12.06526,
		9.614507,
		10.185876,
		10.185876,
		9.614507,
		9.614507,
		9.614507,
		9.614507,
		9.614507,
		9.614507,
		9.614507,
		9.614507,
		9.614507]
,

	"b5":[
		9.614507,
		9.614507,
		9.408671,
		9.614507,
		9.614507,
		9.408671,
		9.408671,
		9.614507,
		9.408671,
		9.408671,
		9.408671,
		9.408671,
		9.408671,
		9.408671,
		9.408671,
		9.408671,
		9.408671,
		9.408671,
		9.408671,
		9.408671,
		9.408671,
		9.408671,
		9.408671,
		9.408671,
		9.614507,
		9.614507,
		9.614507,
		9.614507,
		9.614507,
		9.614507,
		9.614507,
		9.614507,
		9.614507,
		9.614507,
		9.614507,
		9.614507,
		9.614507,
		9.614507,
		9.614507,
		9.614507,
		10.185876,
		9.614507,
		9.614507,
		9.614507,
		9.614507,
		9.614507,
		10.757244,
		9.614507,
		12.06526,
		10.185876,
		9.614507,
		12.06526,
		12.06526,
		9.614507,
		9.614507,
		13.373276,
		11.493892,
		9.614507,
		15.176097,
		15.176097,
		9.614507,
		13.296712,
		15.176097,
		9.614507,
		11.493892,
		11.493892,
		13.296712,
		13.296712,
		9.614507,
		15.176097,
		11.493892,
		11.493892,
		9.614507,
		20.661122,
		9.614507,
		11.493892,
		11.493892,
		10.185876,
		10.185876,
		10.185876,
		10.185876,
		9.614507,
		12.06526,
		12.06526,
		9.614507,
		10.185876,
		10.185876,
		9.614507,
		9.614507,
		9.614507,
		9.614507,
		9.614507,
		9.614507,
		9.614507,
		9.614507,
		9.614507]
,

	"b6":[
		9.614507,
		9.614507,
		9.408671,
		9.614507,
		9.614507,
		9.408671,
		9.408671,
		9.614507,
		9.408671,
		9.408671,
		9.408671,
		9.408671,
		9.408671,
		9.408671,
		9.408671,
		9.408671,
		9.408671,
		9.408671,
		9.408671,
		9.408671,
		9.408671,
		9.408671,
		9.408671,
		9.408671,
		9.614507,
		9.614507,
		9.614507,
		9.614507,
		9.614507,
		9.614507,
		9.614507,
		9.614507,
		9.614507,
		9.614507,
		9.614507,
		9.614507,
		9.614507,
		9.614507,
		9.614507,
		9.614507,
		10.185876,
		9.614507,
		9.614507,
		9.614507,
		9.614507,
		9.614507,
		10.757244,
		9.614507,
		12.06526,
		10.185876,
		9.614507,
		12.06526,
		12.06526,
		9.614507,
		9.614507,
		13.373276,
		11.493892,
		9.614507,
		15.176097,
		15.176097,
		9.614507,
		13.296712,
		15.176097,
		9.614507,
		11.493892,
		11.493892,
		13.296712,
		13.296712,
		9.614507,
		15.176097,
		11.493892,
		11.493892,
		9.614507,
		20.661122,
		9.614507,
		11.493892,
		11.493892,
		10.185876,
		10.185876,
		10.185876,
		10.185876,
		9.614507,
		12.06526,
		12.06526,
		9.614507,
		10.185876,
		10.185876,
		9.614507,
		9.614507,
		9.614507,
		9.614507,
		9.614507,
		9.614507,
		9.614507,
		9.614507,
		9.614507]
,