{
"Average LMPs":{
	"DAMC_s5":[
		9.614507000000001,
		9.614507000000001,
		9.614507000000001,
		9.614507000000001,
		9.408671,
		9.408671,
		9.408671,
		9.408671,
		9.408671,
		9.408671,
		9.408671,
		9.408671,
		9.408671,
		9.408671,
		9.408671,
		9.408671,
		9.408671,
		9.408671,
		9.408671,
		9.408671,
		9.408671,
		9.408671,
		9.408671,
		9.408671,
		9.408671,
		9.408671,
		9.408671,
		9.408671,
		9.614507000000001,
		9.614507000000001,
		9.614507000000001,
		9.614507000000001,
		9.598818800000002,
		9.583130600000002,
		9.598818800000002,
		9.567442400000003,
		9.614507000000001,
		9.614507000000001,
		9.614507000000001,
		9.614507000000001,
		9.614507000000001,
		9.614507000000001,
		9.614507000000001,
		9.614507000000001,
		9.614507000000001,
		9.614507000000001,
		9.614507000000001,
		9.614507000000001,
		10.185876000000006,
		10.071602200000005,
		10.185876000000006,
		10.071602200000005,
		10.243012800000006,
		10.185876000000006,
		10.185876000000006,
		10.185876000000006,
		10.839884000000003,
		10.316677600000006,
		10.970685600000003,
		10.185876000000006,
		10.709082400000003,
		10.970685600000003,
		10.185876000000006,
		11.493892,
		11.493892,
		11.232288800000003,
		11.493892,
		10.970685600000003,
		11.3630904,
		11.232288800000003,
		11.493892,
		11.530739500000001,
		10.149028400000004,
		10.316677600000006,
		10.185876000000006,
		10.185876000000006,
		10.185876000000006,
		10.185876000000006,
		10.185876000000006,
		10.185876000000006,
		10.185876000000006,
		10.128739100000006,
		10.128739100000006,
		10.185876000000006,
		9.614507000000001,
		9.614507000000001,
		9.614507000000001,
		9.614507000000001,
		9.614507000000001,
		9.614507000000001,
		9.614507000000001,
		9.614507000000001,
		9.614507000000001,
		9.614507000000001,
		9.614507000000001,
		9.614507000000001
	],
	"DAMC_nf_s5":[
		9.614507000000001,
		9.614507000000001,
		9.614507000000001,
		9.614507000000001,
		9.408671,
		9.408671,
		9.408671,
		9.408671,
		9.408671,
		9.408671,
		9.408671,
		9.408671,
		9.408671,
		9.408671,
		9.408671,
		9.408671,
		9.408671,
		9.408671,
		9.408671,
		9.408671,
		9.408671,
		9.408671,
		9.408671,
		9.408671,
		9.408671,
		9.408671,
		9.408671,
		9.408671,
		9.614507000000001,
		9.614507000000001,
		9.614507000000001,
		9.614507000000001,
		9.614507000000001,
		9.614507000000001,
		9.614507000000001,
		9.614507000000001,
		9.614507000000001,
		9.614507000000001,
		9.614507000000001,
		9.614507000000001,
		9.614507000000001,
		9.614507000000001,
		9.614507000000001,
		9.614507000000001,
		9.896044000000002,
		10.740655000000002,
		9.896044000000002,
		10.207065500000002,
		11.610314500000005,
		11.022192000000002,
		11.442279500000003,
		11.125999400000001,
		10.760065399999998,
		10.824292999999999,
		10.824292999999999,
		10.7033144,
		10.9034526,
		10.824292999999999,
		10.883662699999999,
		10.824292999999999,
		10.844082899999998,
		10.9232425,
		10.824292999999999,
		11.022192000000002,
		11.022192000000002,
		10.962822300000003,
		11.022192000000002,
		10.382197600000001,
		15.438857699999996,
		13.939176600000005,
		15.071251900000004,
		14.798864000000005,
		11.694332000000005,
		12.156016700000006,
		11.862367000000004,
		11.946384500000004,
		11.190227000000004,
		11.190227000000004,
		11.442279500000003,
		11.358262000000003,
		11.022192000000002,
		11.358262000000003,
		11.022192000000002,
		11.778349500000004,
		9.614507000000001,
		9.614507000000001,
		9.755275500000002,
		9.614507000000001,
		9.614507000000001,
		9.614507000000001,
		9.614507000000001,
		9.614507000000001,
		9.614507000000001,
		9.614507000000001,
		9.614507000000001,
		9.614507000000001
	],
	"DAMC_s10":[
		9.614507000000001,
		9.614507000000001,
		9.614507000000001,
		9.614507000000001,
		9.408671,
		9.408671,
		9.408671,
		9.408671,
		9.408671,
		9.408671,
		9.408671,
		9.408671,
		9.408671,
		9.408671,
		9.408671,
		9.408671,
		9.408671,
		9.408671,
		9.408671,
		9.408671,
		9.408671,
		9.408671,
		9.408671,
		9.408671,
		9.457625000000005,
		9.457625000000005,
		9.457625000000005,
		9.457625000000005,
		9.567442400000003,
		9.536066000000003,
		9.583130600000002,
		9.567442400000003,
		9.614507000000001,
		9.614507000000001,
		9.614507000000001,
		9.614507000000001,
		9.614507000000001,
		9.614507000000001,
		9.614507000000001,
		9.614507000000001,
		9.614507000000001,
		9.614507000000001,
		9.614507000000001,
		9.614507000000001,
		9.614507000000001,
		9.614507000000001,
		9.614507000000001,
		9.614507000000001,
		10.185876000000006,
		10.071602200000005,
		10.185876000000006,
		10.071602200000005,
		10.243012800000006,
		10.185876000000006,
		10.185876000000006,
		10.185876000000006,
		10.839884000000003,
		10.316677600000006,
		10.970685600000003,
		10.185876000000006,
		10.709082400000003,
		10.970685600000003,
		10.185876000000006,
		11.493892,
		11.493892,
		11.232288800000003,
		11.493892,
		10.970685600000003,
		11.3630904,
		11.232288800000003,
		11.493892,
		11.530739500000001,
		10.149028400000004,
		10.316677600000006,
		10.185876000000006,
		10.185876000000006,
		10.185876000000006,
		10.185876000000006,
		10.185876000000006,
		10.185876000000006,
		10.185876000000006,
		10.128739100000006,
		10.128739100000006,
		10.185876000000006,
		9.614507000000001,
		9.614507000000001,
		9.614507000000001,
		9.614507000000001,
		9.614507000000001,
		9.614507000000001,
		9.614507000000001,
		9.614507000000001,
		9.614507000000001,
		9.614507000000001,
		9.614507000000001,
		9.614507000000001
	],
	"DAMC_nf_s10":[
		9.614507000000001,
		9.614507000000001,
		9.614507000000001,
		9.614507000000001,
		9.408671,
		9.408671,
		9.408671,
		9.408671,
		9.408671,
		9.408671,
		9.408671,
		9.408671,
		9.408671,
		9.408671,
		9.408671,
		9.408671,
		9.408671,
		9.408671,
		9.408671,
		9.408671,
		9.408671,
		9.408671,
		9.408671,
		9.408671,
		9.457625000000005,
		9.457625000000005,
		9.457625000000005,
		9.457625000000005,
		9.567442400000003,
		9.536066000000003,
		9.583130600000002,
		9.567442400000003,
		9.614507000000001,
		9.614507000000001,
		9.614507000000001,
		9.614507000000001,
		9.614507000000001,
		9.614507000000001,
		9.614507000000001,
		9.614507000000001,
		9.614507000000001,
		9.614507000000001,
		9.614507000000001,
		9.614507000000001,
		9.614507000000001,
		9.614507000000001,
		9.614507000000001,
		9.614507000000001,
		10.185876000000006,
		10.071602200000005,
		10.185876000000006,
		10.071602200000005,
		10.243012800000006,
		10.185876000000006,
		10.185876000000006,
		10.185876000000006,
		10.839884000000003,
		10.316677600000006,
		10.970685600000003,
		10.185876000000006,
		10.709082400000003,
		10.970685600000003,
		10.185876000000006,
		11.493892,
		11.493892,
		11.232288800000003,
		11.493892,
		10.970685600000003,
		11.3630904,
		11.232288800000003,
		11.493892,
		11.530739500000001,
		10.149028400000004,
		10.316677600000006,
		10.185876000000006,
		10.185876000000006,
		10.185876000000006,
		10.185876000000006,
		10.185876000000006,
		10.185876000000006,
		10.185876000000006,
		10.128739100000006,
		10.128739100000006,
		10.185876000000006,
		9.614507000000001,
		9.614507000000001,
		9.614507000000001,
		9.614507000000001,
		9.614507000000001,
		9.614507000000001,
		9.614507000000001,
		9.614507000000001,
		9.614507000000001,
		9.614507000000001,
		9.614507000000001,
		9.614507000000001
	],