{
"LMPs": {
	"b1":[
		9.614507,
		9.614507,
		9.614507,
		9.614507,
		9.408671,
		9.614507,
		9.408671,
		9.408671,
		9.408671,
		9.614507,
		9.408671,
		9.408671,
		9.408671,
		2481.182658,
		2500.0,
		9.408671,
		9.408671,
		9.408671,
		9.408671,
		9.408671,
		9.408671,
		9.408671,
		9.408671,
		9.614507,
		9.614507,
		9.614507,
		9.408671,
		9.614507,
		2480.976822,
		2500.0,
		9.614507,
		9.614507,
		9.614507,
		9.614507,
		9.614507,
		9.614507,
		9.457625,
		9.614507,
		9.614507,
		9.614507,
		10.185876,
		9.614507,
		9.614507,
		10.185876,
		10.757244,
		9.614507,
		9.614507,
		12.06526,
		9.614507,
		9.614507,
		15.747465,
		11.493892,
		13.296712,
		9.614507,
		16.978917,
		13.296712,
		13.296712,
		13.296712,
		17.055481,
		9.614507,
		9.614507,
		11.493892,
		13.296712,
		9.614507,
		15.176097,
		13.296712,
		2500.0,
		15.176097,
		9.614507,
		12.06526,
		9.614507,
		9.614507,
		13.373276,
		9.614507,
		2500.0,
		2473.330012,
		9.614507,
		2500.0,
		2471.450627,
		9.614507,
		9.614507,
		12.06526,
		11.493892,
		12.06526,
		9.614507,
		10.757244,
		9.614507,
		9.614507,
		9.614507,
		9.614507,
		9.614507,
		9.614507,
		9.614507,
		9.614507,
		9.614507,
		9.614507]
,

	"b2":[
		9.614507,
		9.614507,
		9.614507,
		9.614507,
		9.408671,
		9.614507,
		9.408671,
		9.408671,
		9.408671,
		9.614507,
		9.408671,
		9.408671,
		9.408671,
		2481.182658,
		2500.0,
		9.408671,
		9.408671,
		9.408671,
		9.408671,
		9.408671,
		9.408671,
		9.408671,
		9.408671,
		9.614507,
		9.614507,
		9.614507,
		9.408671,
		9.614507,
		2480.976822,
		2500.0,
		9.614507,
		9.614507,
		9.614507,
		9.614507,
		9.614507,
		9.614507,
		9.457625,
		9.614507,
		9.614507,
		9.614507,
		10.185876,
		9.614507,
		9.614507,
		10.185876,
		10.757244,
		9.614507,
		9.614507,
		12.06526,
		9.614507,
		9.614507,
		15.747465,
		11.493892,
		13.296712,
		9.614507,
		16.978917,
		13.296712,
		13.296712,
		13.296712,
		17.055481,
		9.614507,
		9.614507,
		11.493892,
		13.296712,
		9.614507,
		15.176097,
		13.296712,
		2500.0,
		15.176097,
		9.614507,
		12.06526,
		9.614507,
		9.614507,
		13.373276,
		9.614507,
		2500.0,
		2473.330012,
		9.614507,
		2500.0,
		2471.450627,
		9.614507,
		9.614507,
		12.06526,
		11.493892,
		12.06526,
		9.614507,
		10.757244,
		9.614507,
		9.614507,
		9.614507,
		9.614507,
		9.614507,
		9.614507,
		9.614507,
		9.614507,
		9.614507,
		9.614507]
,

	"b3":[
		9.614507,
		9.614507,
		9.614507,
		9.614507,
		9.408671,
		9.614507,
		9.408671,
		9.408671,
		9.408671,
		9.614507,
		9.408671,
		9.408671,
		9.408671,
		2481.182658,
		2500.0,
		9.408671,
		9.408671,
		9.408671,
		9.408671,
		9.408671,
		9.408671,
		9.408671,
		9.408671,
		9.614507,
		9.614507,
		9.614507,
		9.408671,
		9.614507,
		2480.976822,
		2500.0,
		9.614507,
		9.614507,
		9.614507,
		9.614507,
		9.614507,
		9.614507,
		9.457625,
		9.614507,
		9.614507,
		9.614507,
		10.185876,
		9.614507,
		9.614507,
		10.185876,
		10.757244,
		9.614507,
		9.614507,
		12.06526,
		9.614507,
		9.614507,
		15.747465,
		11.493892,
		13.296712,
		9.614507,
		16.978917,
		13.296712,
		13.296712,
		13.296712,
		17.055481,
		9.614507,
		9.614507,
		11.493892,
		13.296712,
		9.614507,
		15.176097,
		13.296712,
		2500.0,
		15.176097,
		9.614507,
		12.06526,
		9.614507,
		9.614507,
		13.373276,
		9.614507,
		2500.0,
		2473.330012,
		9.614507,
		2500.0,
		2471.450627,
		9.614507,
		9.614507,
		12.06526,
		11.493892,
		12.06526,
		9.614507,
		10.757244,
		9.614507,
		9.614507,
		9.614507,
		9.614507,
		9.614507,
		9.614507,
		9.614507,
		9.614507,
		9.614507,
		9.614507]
,

	"b4":[
		9.614507,
		9.614507,
		9.614507,
		9.614507,
		9.408671,
		9.614507,
		9.408671,
		9.408671,
		9.408671,
		9.614507,
		9.408671,
		9.408671,
		9.408671,
		2481.182658,
		2500.0,
		9.408671,
		9.408671,
		9.408671,
		9.408671,
		9.408671,
		9.408671,
		9.408671,
		9.408671,
		9.614507,
		9.614507,
		9.614507,
		9.408671,
		9.614507,
		2480.976822,
		2500.0,
		9.614507,
		9.614507,
		9.614507,
		9.614507,
		9.614507,
		9.614507,
		9.457625,
		9.614507,
		9.614507,
		9.614507,
		10.185876,
		9.614507,
		9.614507,
		10.185876,
		10.757244,
		9.614507,
		9.614507,
		12.06526,
		9.614507,
		9.614507,
		15.747465,
		11.493892,
		13.296712,
		9.614507,
		16.978917,
		13.296712,
		13.296712,
		13.296712,
		17.055481,
		9.614507,
		9.614507,
		11.493892,
		13.296712,
		9.614507,
		15.176097,
		13.296712,
		2500.0,
		15.176097,
		9.614507,
		12.06526,
		9.614507,
		9.614507,
		13.373276,
		9.614507,
		2500.0,
		2473.330012,
		9.614507,
		2500.0,
		2471.450627,
		9.614507,
		9.614507,
		12.06526,
		11.493892,
		12.06526,
		9.614507,
		10.757244,
		9.614507,
		9.614507,
		9.614507,
		9.614507,
		9.614507,
		9.614507,
		9.614507,
		9.614507,
		9.614507,
		9.614507]
,

	"b5":[
		9.614507,
		9.614507,
		9.614507,
		9.614507,
		9.408671,
		9.614507,
		9.408671,
		9.408671,
		9.408671,
		9.614507,
		9.408671,
		9.408671,
		9.408671,
		2481.182658,
		2500.0,
		9.408671,
		9.408671,
		9.408671,
		9.408671,
		9.408671,
		9.408671,
		9.408671,
		9.408671,
		9.614507,
		9.614507,
		9.614507,
		9.408671,
		9.614507,
		2480.976822,
		2500.0,
		9.614507,
		9.614507,
		9.614507,
		9.614507,
		9.614507,
		9.614507,
		9.457625,
		9.614507,
		9.614507,
		9.614507,
		10.185876,
		9.614507,
		9.614507,
		10.185876,
		10.757244,
		9.614507,
		9.614507,
		12.06526,
		9.614507,
		9.614507,
		15.747465,
		11.493892,
		13.296712,
		9.614507,
		16.978917,
		13.296712,
		13.296712,
		13.296712,
		17.055481,
		9.614507,
		9.614507,
		11.493892,
		13.296712,
		9.614507,
		15.176097,
		13.296712,
		2500.0,
		15.176097,
		9.614507,
		12.06526,
		9.614507,
		9.614507,
		13.373276,
		9.614507,
		2500.0,
		2473.330012,
		9.614507,
		2500.0,
		2471.450627,
		9.614507,
		9.614507,
		12.06526,
		11.493892,
		12.06526,
		9.614507,
		10.757244,
		9.614507,
		9.614507,
		9.614507,
		9.614507,
		9.614507,
		9.614507,
		9.614507,
		9.614507,
		9.614507,
		9.614507]
,

	"b6":[
		9.614507,
		9.614507,
		9.614507,
		9.614507,
		9.408671,
		9.614507,
		9.408671,
		9.408671,
		9.408671,
		9.614507,
		9.408671,
		9.408671,
		9.408671,
		2481.182658,
		2500.0,
		9.408671,
		9.408671,
		9.408671,
		9.408671,
		9.408671,
		9.408671,
		9.408671,
		9.408671,
		9.614507,
		9.614507,
		9.614507,
		9.408671,
		9.614507,
		2480.976822,
		2500.0,
		9.614507,
		9.614507,
		9.614507,
		9.614507,
		9.614507,
		9.614507,
		9.457625,
		9.614507,
		9.614507,
		9.614507,
		10.185876,
		9.614507,
		9.614507,
		10.185876,
		10.757244,
		9.614507,
		9.614507,
		12.06526,
		9.614507,
		9.614507,
		15.747465,
		11.493892,
		13.296712,
		9.614507,
		16.978917,
		13.296712,
		13.296712,
		13.296712,
		17.055481,
		9.614507,
		9.614507,
		11.493892,
		13.296712,
		9.614507,
		15.176097,
		13.296712,
		2500.0,
		15.176097,
		9.614507,
		12.06526,
		9.614507,
		9.614507,
		13.373276,
		9.614507,
		2500.0,
		2473.330012,
		9.614507,
		2500.0,
		2471.450627,
		9.614507,
		9.614507,
		12.06526,
		11.493892,
		12.06526,
		9.614507,
		10.757244,
		9.614507,
		9.614507,
		9.614507,
		9.614507,
		9.614507,
		9.614507,
		9.614507,
		9.614507,
		9.614507,
		9.614507]
,