{
"LMPs": {
	"b1":[
		9.408671,
		9.614507,
		9.408671,
		9.408671,
		9.408671,
		9.408671,
		9.614507,
		9.614507,
		9.408671,
		9.408671,
		9.408671,
		9.408671,
		9.408671,
		9.614507,
		9.408671,
		9.408671,
		9.408671,
		9.408671,
		9.408671,
		9.408671,
		9.614507,
		9.408671,
		9.408671,
		9.408671,
		9.408671,
		9.408671,
		9.614507,
		9.408671,
		9.614507,
		9.614507,
		9.614507,
		9.614507,
		9.614507,
		9.614507,
		9.614507,
		9.614507,
		9.614507,
		9.614507,
		9.614507,
		9.614507,
		9.614507,
		11.328613,
		9.614507,
		9.614507,
		12.06526,
		10.185876,
		9.614507,
		12.06526,
		9.614507,
		9.614507,
		9.614507,
		24.991259,
		9.614507,
		9.614507,
		13.296712,
		2467.844986,
		2500.0,
		9.614507,
		9.614507,
		11.493892,
		9.614507,
		15.176097,
		9.614507,
		2500.0,
		9.614507,
		15.176097,
		9.614507,
		11.493892,
		9.614507,
		15.176097,
		13.296712,
		13.296712,
		11.493892,
		10.185876,
		10.185876,
		10.185876,
		12.06526,
		9.614507,
		12.06526,
		9.614507,
		10.185876,
		9.614507,
		11.328613,
		9.614507,
		9.614507,
		9.614507,
		9.614507,
		2500.0,
		2480.3565,
		9.614507,
		9.614507,
		9.614507,
		9.614507,
		9.614507,
		2480.770985,
		2500.0]
,

	"b2":[
		9.408671,
		9.614507,
		9.408671,
		9.408671,
		9.408671,
		9.408671,
		9.614507,
		9.614507,
		9.408671,
		9.408671,
		9.408671,
		9.408671,
		9.408671,
		9.614507,
		9.408671,
		9.408671,
		9.408671,
		9.408671,
		9.408671,
		9.408671,
		9.614507,
		9.408671,
		9.408671,
		9.408671,
		9.408671,
		9.408671,
		9.614507,
		9.408671,
		9.614507,
		9.614507,
		9.614507,
		9.614507,
		9.614507,
		9.614507,
		9.614507,
		9.614507,
		9.614507,
		9.614507,
		9.614507,
		9.614507,
		9.614507,
		11.328613,
		9.614507,
		9.614507,
		12.06526,
		10.185876,
		9.614507,
		12.06526,
		9.614507,
		9.614507,
		9.614507,
		24.991259,
		9.614507,
		9.614507,
		13.296712,
		2467.844986,
		2500.0,
		9.614507,
		9.614507,
		11.493892,
		9.614507,
		15.176097,
		9.614507,
		2500.0,
		9.614507,
		15.176097,
		9.614507,
		11.493892,
		9.614507,
		15.176097,
		13.296712,
		13.296712,
		11.493892,
		10.185876,
		10.185876,
		10.185876,
		12.06526,
		9.614507,
		12.06526,
		9.614507,
		10.185876,
		9.614507,
		11.328613,
		9.614507,
		9.614507,
		9.614507,
		9.614507,
		2500.0,
		2480.3565,
		9.614507,
		9.614507,
		9.614507,
		9.614507,
		9.614507,
		2480.770985,
		2500.0]
,

	"b3":[
		9.408671,
		9.614507,
		9.408671,
		9.408671,
		9.408671,
		9.408671,
		9.614507,
		9.614507,
		9.408671,
		9.408671,
		9.408671,
		9.408671,
		9.408671,
		9.614507,
		9.408671,
		9.408671,
		9.408671,
		9.408671,
		9.408671,
		9.408671,
		9.614507,
		9.408671,
		9.408671,
		9.408671,
		9.408671,
		9.408671,
		9.614507,
		9.408671,
		9.614507,
		9.614507,
		9.614507,
		9.614507,
		9.614507,
		9.614507,
		9.614507,
		9.614507,
		9.614507,
		9.614507,
		9.614507,
		9.614507,
		9.614507,
		11.328613,
		9.614507,
		9.614507,
		12.06526,
		10.185876,
		9.614507,
		12.06526,
		9.614507,
		9.614507,
		9.614507,
		24.991259,
		9.614507,
		9.614507,
		13.296712,
		2467.844986,
		2500.0,
		9.614507,
		9.614507,
		11.493892,
		9.614507,
		15.176097,
		9.614507,
		2500.0,
		9.614507,
		15.176097,
		9.614507,
		11.493892,
		9.614507,
		15.176097,
		13.296712,
		13.296712,
		11.493892,
		10.185876,
		10.185876,
		10.185876,
		12.06526,
		9.614507,
		12.06526,
		9.614507,
		10.185876,
		9.614507,
		11.328613,
		9.614507,
		9.614507,
		9.614507,
		9.614507,
		2500.0,
		2480.3565,
		9.614507,
		9.614507,
		9.614507,
		9.614507,
		9.614507,
		2480.770985,
		2500.0]
,

	"b4":[
		9.408671,
		9.614507,
		9.408671,
		9.408671,
		9.408671,
		9.408671,
		9.614507,
		9.614507,
		9.408671,
		9.408671,
		9.408671,
		9.408671,
		9.408671,
		9.614507,
		9.408671,
		9.408671,
		9.408671,
		9.408671,
		9.408671,
		9.408671,
		9.614507,
		9.408671,
		9.408671,
		9.408671,
		9.408671,
		9.408671,
		9.614507,
		9.408671,
		9.614507,
		9.614507,
		9.614507,
		9.614507,
		9.614507,
		9.614507,
		9.614507,
		9.614507,
		9.614507,
		9.614507,
		9.614507,
		9.614507,
		9.614507,
		11.328613,
		9.614507,
		9.614507,
		12.06526,
		10.185876,
		9.614507,
		12.06526,
		9.614507,
		9.614507,
		9.614507,
		24.991259,
		9.614507,
		9.614507,
		13.296712,
		2467.844986,
		2500.0,
		9.614507,
		9.614507,
		11.493892,
		9.614507,
		15.176097,
		9.614507,
		2500.0,
		9.614507,
		15.176097,
		9.614507,
		11.493892,
		9.614507,
		15.176097,
		13.296712,
		13.296712,
		11.493892,
		10.185876,
		10.185876,
		10.185876,
		12.06526,
		9.614507,
		12.06526,
		9.614507,
		10.185876,
		9.614507,
		11.328613,
		9.614507,
		9.614507,
		9.614507,
		9.614507,
		2500.0,
		2480.3565,
		9.614507,
		9.614507,
		9.614507,
		9.614507,
		9.614507,
		2480.770985,
		2500.0]
,

	"b5":[
		9.408671,
		9.614507,
		9.408671,
		9.408671,
		9.408671,
		9.408671,
		9.614507,
		9.614507,
		9.408671,
		9.408671,
		9.408671,
		9.408671,
		9.408671,
		9.614507,
		9.408671,
		9.408671,
		9.408671,
		9.408671,
		9.408671,
		9.408671,
		9.614507,
		9.408671,
		9.408671,
		9.408671,
		9.408671,
		9.408671,
		9.614507,
		9.408671,
		9.614507,
		9.614507,
		9.614507,
		9.614507,
		9.614507,
		9.614507,
		9.614507,
		9.614507,
		9.614507,
		9.614507,
		9.614507,
		9.614507,
		9.614507,
		11.328613,
		9.614507,
		9.614507,
		12.06526,
		10.185876,
		9.614507,
		12.06526,
		9.614507,
		9.614507,
		9.614507,
		24.991259,
		9.614507,
		9.614507,
		13.296712,
		2467.844986,
		2500.0,
		9.614507,
		9.614507,
		11.493892,
		9.614507,
		15.176097,
		9.614507,
		2500.0,
		9.614507,
		15.176097,
		9.614507,
		11.493892,
		9.614507,
		15.176097,
		13.296712,
		13.296712,
		11.493892,
		10.185876,
		10.185876,
		10.185876,
		12.06526,
		9.614507,
		12.06526,
		9.614507,
		10.185876,
		9.614507,
		11.328613,
		9.614507,
		9.614507,
		9.614507,
		9.614507,
		2500.0,
		2480.3565,
		9.614507,
		9.614507,
		9.614507,
		9.614507,
		9.614507,
		2480.770985,
		2500.0]
,

	"b6":[
		9.408671,
		9.614507,
		9.408671,
		9.408671,
		9.408671,
		9.408671,
		9.614507,
		9.614507,
		9.408671,
		9.408671,
		9.408671,
		9.408671,
		9.408671,
		9.614507,
		9.408671,
		9.408671,
		9.408671,
		9.408671,
		9.408671,
		9.408671,
		9.614507,
		9.408671,
		9.408671,
		9.408671,
		9.408671,
		9.408671,
		9.614507,
		9.408671,
		9.614507,
		9.614507,
		9.614507,
		9.614507,
		9.614507,
		9.614507,
		9.614507,
		9.614507,
		9.614507,
		9.614507,
		9.614507,
		9.614507,
		9.614507,
		11.328613,
		9.614507,
		9.614507,
		12.06526,
		10.185876,
		9.614507,
		12.06526,
		9.614507,
		9.614507,
		9.614507,
		24.991259,
		9.614507,
		9.614507,
		13.296712,
		2467.844986,
		2500.0,
		9.614507,
		9.614507,
		11.493892,
		9.614507,
		15.176097,
		9.614507,
		2500.0,
		9.614507,
		15.176097,
		9.614507,
		11.493892,
		9.614507,
		15.176097,
		13.296712,
		13.296712,
		11.493892,
		10.185876,
		10.185876,
		10.185876,
		12.06526,
		9.614507,
		12.06526,
		9.614507,
		10.185876,
		9.614507,
		11.328613,
		9.614507,
		9.614507,
		9.614507,
		9.614507,
		2500.0,
		2480.3565,
		9.614507,
		9.614507,
		9.614507,
		9.614507,
		9.614507,
		2480.770985,
		2500.0]
,