{
"LMPs": {
	"b1":[
		9.614507,
		9.614507,
		2500.0,
		2480.976822,
		9.614507,
		9.408671,
		9.408671,
		9.614507,
		9.408671,
		9.614507,
		9.408671,
		9.408671,
		9.408671,
		9.408671,
		9.408671,
		9.408671,
		9.408671,
		9.408671,
		9.408671,
		9.614507,
		9.408671,
		9.408671,
		9.614507,
		2480.976822,
		2500.0,
		9.614507,
		9.614507,
		9.614507,
		9.614507,
		9.614507,
		9.614507,
		9.614507,
		2500.0,
		9.614507,
		9.614507,
		2500.0,
		9.614507,
		9.614507,
		9.614507,
		9.614507,
		10.185876,
		9.614507,
		9.614507,
		12.636629,
		9.614507,
		9.614507,
		15.252661,
		9.614507,
		9.614507,
		12.06526,
		9.614507,
		13.373276,
		11.493892,
		12.06526,
		9.614507,
		9.614507,
		9.614507,
		17.055481,
		15.176097,
		9.614507,
		13.296712,
		13.296712,
		9.614507,
		16.978917,
		13.296712,
		11.493892,
		9.614507,
		20.661122,
		9.614507,
		11.493892,
		13.296712,
		15.176097,
		9.614507,
		9.614507,
		15.176097,
		9.614507,
		9.614507,
		2500.0,
		2465.965602,
		9.614507,
		13.373276,
		9.614507,
		11.493892,
		12.636629,
		9.614507,
		9.614507,
		10.185876,
		9.614507,
		9.614507,
		9.614507,
		9.614507,
		9.614507,
		9.614507,
		2480.770985,
		2500.0,
		9.614507]
,

	"b2":[
		9.614507,
		9.614507,
		2500.0,
		2480.976822,
		9.614507,
		9.408671,
		9.408671,
		9.614507,
		9.408671,
		9.614507,
		9.408671,
		9.408671,
		9.408671,
		9.408671,
		9.408671,
		9.408671,
		9.408671,
		9.408671,
		9.408671,
		9.614507,
		9.408671,
		9.408671,
		9.614507,
		2480.976822,
		2500.0,
		9.614507,
		9.614507,
		9.614507,
		9.614507,
		9.614507,
		9.614507,
		9.614507,
		2500.0,
		9.614507,
		9.614507,
		2500.0,
		9.614507,
		9.614507,
		9.614507,
		9.614507,
		10.185876,
		9.614507,
		9.614507,
		12.636629,
		9.614507,
		9.614507,
		15.252661,
		9.614507,
		9.614507,
		12.06526,
		9.614507,
		13.373276,
		11.493892,
		12.06526,
		9.614507,
		9.614507,
		9.614507,
		17.055481,
		15.176097,
		9.614507,
		13.296712,
		13.296712,
		9.614507,
		16.978917,
		13.296712,
		11.493892,
		9.614507,
		20.661122,
		9.614507,
		11.493892,
		13.296712,
		15.176097,
		9.614507,
		9.614507,
		15.176097,
		9.614507,
		9.614507,
		2500.0,
		2465.965602,
		9.614507,
		13.373276,
		9.614507,
		11.493892,
		12.636629,
		9.614507,
		9.614507,
		10.185876,
		9.614507,
		9.614507,
		9.614507,
		9.614507,
		9.614507,
		9.614507,
		2480.770985,
		2500.0,
		9.614507]
,

	"b3":[
		9.614507,
		9.614507,
		2500.0,
		2480.976822,
		9.614507,
		9.408671,
		9.408671,
		9.614507,
		9.408671,
		9.614507,
		9.408671,
		9.408671,
		9.408671,
		9.408671,
		9.408671,
		9.408671,
		9.408671,
		9.408671,
		9.408671,
		9.614507,
		9.408671,
		9.408671,
		9.614507,
		2480.976822,
		2500.0,
		9.614507,
		9.614507,
		9.614507,
		9.614507,
		9.614507,
		9.614507,
		9.614507,
		2500.0,
		9.614507,
		9.614507,
		2500.0,
		9.614507,
		9.614507,
		9.614507,
		9.614507,
		10.185876,
		9.614507,
		9.614507,
		12.636629,
		9.614507,
		9.614507,
		15.252661,
		9.614507,
		9.614507,
		12.06526,
		9.614507,
		13.373276,
		11.493892,
		12.06526,
		9.614507,
		9.614507,
		9.614507,
		17.055481,
		15.176097,
		9.614507,
		13.296712,
		13.296712,
		9.614507,
		16.978917,
		13.296712,
		11.493892,
		9.614507,
		20.661122,
		9.614507,
		11.493892,
		13.296712,
		15.176097,
		9.614507,
		9.614507,
		15.176097,
		9.614507,
		9.614507,
		2500.0,
		2465.965602,
		9.614507,
		13.373276,
		9.614507,
		11.493892,
		12.636629,
		9.614507,
		9.614507,
		10.185876,
		9.614507,
		9.614507,
		9.614507,
		9.614507,
		9.614507,
		9.614507,
		2480.770985,
		2500.0,
		9.614507]
,

	"b4":[
		9.614507,
		9.614507,
		2500.0,
		2480.976822,
		9.614507,
		9.408671,
		9.408671,
		9.614507,
		9.408671,
		9.614507,
		9.408671,
		9.408671,
		9.408671,
		9.408671,
		9.408671,
		9.408671,
		9.408671,
		9.408671,
		9.408671,
		9.614507,
		9.408671,
		9.408671,
		9.614507,
		2480.976822,
		2500.0,
		9.614507,
		9.614507,
		9.614507,
		9.614507,
		9.614507,
		9.614507,
		9.614507,
		2500.0,
		9.614507,
		9.614507,
		2500.0,
		9.614507,
		9.614507,
		9.614507,
		9.614507,
		10.185876,
		9.614507,
		9.614507,
		12.636629,
		9.614507,
		9.614507,
		15.252661,
		9.614507,
		9.614507,
		12.06526,
		9.614507,
		13.373276,
		11.493892,
		12.06526,
		9.614507,
		9.614507,
		9.614507,
		17.055481,
		15.176097,
		9.614507,
		13.296712,
		13.296712,
		9.614507,
		16.978917,
		13.296712,
		11.493892,
		9.614507,
		20.661122,
		9.614507,
		11.493892,
		13.296712,
		15.176097,
		9.614507,
		9.614507,
		15.176097,
		9.614507,
		9.614507,
		2500.0,
		2465.965602,
		9.614507,
		13.373276,
		9.614507,
		11.493892,
		12.636629,
		9.614507,
		9.614507,
		10.185876,
		9.614507,
		9.614507,
		9.614507,
		9.614507,
		9.614507,
		9.614507,
		2480.770985,
		2500.0,
		9.614507]
,

	"b5":[
		9.614507,
		9.614507,
		2500.0,
		2480.976822,
		9.614507,
		9.408671,
		9.408671,
		9.614507,
		9.408671,
		9.614507,
		9.408671,
		9.408671,
		9.408671,
		9.408671,
		9.408671,
		9.408671,
		9.408671,
		9.408671,
		9.408671,
		9.614507,
		9.408671,
		9.408671,
		9.614507,
		2480.976822,
		2500.0,
		9.614507,
		9.614507,
		9.614507,
		9.614507,
		9.614507,
		9.614507,
		9.614507,
		2500.0,
		9.614507,
		9.614507,
		2500.0,
		9.614507,
		9.614507,
		9.614507,
		9.614507,
		10.185876,
		9.614507,
		9.614507,
		12.636629,
		9.614507,
		9.614507,
		15.252661,
		9.614507,
		9.614507,
		12.06526,
		9.614507,
		13.373276,
		11.493892,
		12.06526,
		9.614507,
		9.614507,
		9.614507,
		17.055481,
		15.176097,
		9.614507,
		13.296712,
		13.296712,
		9.614507,
		16.978917,
		13.296712,
		11.493892,
		9.614507,
		20.661122,
		9.614507,
		11.493892,
		13.296712,
		15.176097,
		9.614507,
		9.614507,
		15.176097,
		9.614507,
		9.614507,
		2500.0,
		2465.965602,
		9.614507,
		13.373276,
		9.614507,
		11.493892,
		12.636629,
		9.614507,
		9.614507,
		10.185876,
		9.614507,
		9.614507,
		9.614507,
		9.614507,
		9.614507,
		9.614507,
		2480.770985,
		2500.0,
		9.614507]
,

	"b6":[
		9.614507,
		9.614507,
		2500.0,
		2480.976822,
		9.614507,
		9.408671,
		9.408671,
		9.614507,
		9.408671,
		9.614507,
		9.408671,
		9.408671,
		9.408671,
		9.408671,
		9.408671,
		9.408671,
		9.408671,
		9.408671,
		9.408671,
		9.614507,
		9.408671,
		9.408671,
		9.614507,
		2480.976822,
		2500.0,
		9.614507,
		9.614507,
		9.614507,
		9.614507,
		9.614507,
		9.614507,
		9.614507,
		2500.0,
		9.614507,
		9.614507,
		2500.0,
		9.614507,
		9.614507,
		9.614507,
		9.614507,
		10.185876,
		9.614507,
		9.614507,
		12.636629,
		9.614507,
		9.614507,
		15.252661,
		9.614507,
		9.614507,
		12.06526,
		9.614507,
		13.373276,
		11.493892,
		12.06526,
		9.614507,
		9.614507,
		9.614507,
		17.055481,
		15.176097,
		9.614507,
		13.296712,
		13.296712,
		9.614507,
		16.978917,
		13.296712,
		11.493892,
		9.614507,
		20.661122,
		9.614507,
		11.493892,
		13.296712,
		15.176097,
		9.614507,
		9.614507,
		15.176097,
		9.614507,
		9.614507,
		2500.0,
		2465.965602,
		9.614507,
		13.373276,
		9.614507,
		11.493892,
		12.636629,
		9.614507,
		9.614507,
		10.185876,
		9.614507,
		9.614507,
		9.614507,
		9.614507,
		9.614507,
		9.614507,
		2480.770985,
		2500.0,
		9.614507]
,