{
"LMPs": {
	"b1":[
		9.408671,
		9.614507,
		9.614507,
		9.408671,
		9.408671,
		9.614507,
		9.408671,
		9.408671,
		9.408671,
		9.408671,
		9.408671,
		9.408671,
		9.408671,
		9.408671,
		9.408671,
		9.408671,
		9.408671,
		9.408671,
		9.408671,
		9.408671,
		9.408671,
		9.408671,
		9.614507,
		9.408671,
		9.614507,
		9.614507,
		9.408671,
		9.614507,
		9.614507,
		9.614507,
		9.614507,
		9.614507,
		9.614507,
		9.614507,
		9.614507,
		2500.0,
		9.614507,
		9.614507,
		9.614507,
		9.614507,
		9.457625,
		9.77139,
		9.614507,
		10.757244,
		10.185876,
		9.614507,
		9.614507,
		9.614507,
		18.198218,
		9.614507,
		9.614507,
		13.373276,
		9.614507,
		17.055481,
		9.614507,
		9.614507,
		9.614507,
		2470.955823,
		2500.0,
		9.614507,
		2500.0,
		18.858301,
		9.614507,
		9.614507,
		9.614507,
		16.978917,
		13.296712,
		9.614507,
		2500.0,
		9.614507,
		13.296712,
		2500.0,
		2474.638028,
		9.614507,
		9.614507,
		9.614507,
		9.614507,
		21.385619,
		9.614507,
		9.614507,
		9.614507,
		9.614507,
		2500.0,
		2468.999874,
		9.614507,
		9.614507,
		10.185876,
		9.614507,
		9.77139,
		9.457625,
		9.614507,
		9.614507,
		9.614507,
		2500.0,
		9.614507,
		9.614507]
,

	"b2":[
		9.408671,
		9.614507,
		9.614507,
		9.408671,
		9.408671,
		9.614507,
		9.408671,
		9.408671,
		9.408671,
		9.408671,
		9.408671,
		9.408671,
		9.408671,
		9.408671,
		9.408671,
		9.408671,
		9.408671,
		9.408671,
		9.408671,
		9.408671,
		9.408671,
		9.408671,
		9.614507,
		9.408671,
		9.614507,
		9.614507,
		9.408671,
		9.614507,
		9.614507,
		9.614507,
		9.614507,
		9.614507,
		9.614507,
		9.614507,
		9.614507,
		2500.0,
		9.614507,
		9.614507,
		9.614507,
		9.614507,
		9.457625,
		9.77139,
		9.614507,
		10.757244,
		10.185876,
		9.614507,
		9.614507,
		9.614507,
		18.198218,
		9.614507,
		9.614507,
		13.373276,
		9.614507,
		17.055481,
		9.614507,
		9.614507,
		9.614507,
		2470.955823,
		2500.0,
		9.614507,
		2500.0,
		18.858301,
		9.614507,
		9.614507,
		9.614507,
		16.978917,
		13.296712,
		9.614507,
		2500.0,
		9.614507,
		13.296712,
		2500.0,
		2474.638028,
		9.614507,
		9.614507,
		9.614507,
		9.614507,
		21.385619,
		9.614507,
		9.614507,
		9.614507,
		9.614507,
		2500.0,
		2468.999874,
		9.614507,
		9.614507,
		10.185876,
		9.614507,
		9.77139,
		9.457625,
		9.614507,
		9.614507,
		9.614507,
		2500.0,
		9.614507,
		9.614507]
,

	"b3":[
		9.408671,
		9.614507,
		9.614507,
		9.408671,
		9.408671,
		9.614507,
		9.408671,
		9.408671,
		9.408671,
		9.408671,
		9.408671,
		9.408671,
		9.408671,
		9.408671,
		9.408671,
		9.408671,
		9.408671,
		9.408671,
		9.408671,
		9.408671,
		9.408671,
		9.408671,
		9.614507,
		9.408671,
		9.614507,
		9.614507,
		9.408671,
		9.614507,
		9.614507,
		9.614507,
		9.614507,
		9.614507,
		9.614507,
		9.614507,
		9.614507,
		2500.0,
		9.614507,
		9.614507,
		9.614507,
		9.614507,
		9.457625,
		9.77139,
		9.614507,
		10.757244,
		10.185876,
		9.614507,
		9.614507,
		9.614507,
		18.198218,
		9.614507,
		9.614507,
		13.373276,
		9.614507,
		17.055481,
		9.614507,
		9.614507,
		9.614507,
		2470.955823,
		2500.0,
		9.614507,
		2500.0,
		18.858301,
		9.614507,
		9.614507,
		9.614507,
		16.978917,
		13.296712,
		9.614507,
		2500.0,
		9.614507,
		13.296712,
		2500.0,
		2474.638028,
		9.614507,
		9.614507,
		9.614507,
		9.614507,
		21.385619,
		9.614507,
		9.614507,
		9.614507,
		9.614507,
		2500.0,
		2468.999874,
		9.614507,
		9.614507,
		10.185876,
		9.614507,
		9.77139,
		9.457625,
		9.614507,
		9.614507,
		9.614507,
		2500.0,
		9.614507,
		9.614507]
,

	"b4":[
		9.408671,
		9.614507,
		9.614507,
		9.408671,
		9.408671,
		9.614507,
		9.408671,
		9.408671,
		9.408671,
		9.408671,
		9.408671,
		9.408671,
		9.408671,
		9.408671,
		9.408671,
		9.408671,
		9.408671,
		9.408671,
		9.408671,
		9.408671,
		9.408671,
		9.408671,
		9.614507,
		9.408671,
		9.614507,
		9.614507,
		9.408671,
		9.614507,
		9.614507,
		9.614507,
		9.614507,
		9.614507,
		9.614507,
		9.614507,
		9.614507,
		2500.0,
		9.614507,
		9.614507,
		9.614507,
		9.614507,
		9.457625,
		9.77139,
		9.614507,
		10.757244,
		10.185876,
		9.614507,
		9.614507,
		9.614507,
		18.198218,
		9.614507,
		9.614507,
		13.373276,
		9.614507,
		17.055481,
		9.614507,
		9.614507,
		9.614507,
		2470.955823,
		2500.0,
		9.614507,
		2500.0,
		18.858301,
		9.614507,
		9.614507,
		9.614507,
		16.978917,
		13.296712,
		9.614507,
		2500.0,
		9.614507,
		13.296712,
		2500.0,
		2474.638028,
		9.614507,
		9.614507,
		9.614507,
		9.614507,
		21.385619,
		9.614507,
		9.614507,
		9.614507,
		9.614507,
		2500.0,
		2468.999874,
		9.614507,
		9.614507,
		10.185876,
		9.614507,
		9.77139,
		9.457625,
		9.614507,
		9.614507,
		9.614507,
		2500.0,
		9.614507,
		9.614507]
,

	"b5":[
		9.408671,
		9.614507,
		9.614507,
		9.408671,
		9.408671,
		9.614507,
		9.408671,
		9.408671,
		9.408671,
		9.408671,
		9.408671,
		9.408671,
		9.408671,
		9.408671,
		9.408671,
		9.408671,
		9.408671,
		9.408671,
		9.408671,
		9.408671,
		9.408671,
		9.408671,
		9.614507,
		9.408671,
		9.614507,
		9.614507,
		9.408671,
		9.614507,
		9.614507,
		9.614507,
		9.614507,
		9.614507,
		9.614507,
		9.614507,
		9.614507,
		2500.0,
		9.614507,
		9.614507,
		9.614507,
		9.614507,
		9.457625,
		9.77139,
		9.614507,
		10.757244,
		10.185876,
		9.614507,
		9.614507,
		9.614507,
		18.198218,
		9.614507,
		9.614507,
		13.373276,
		9.614507,
		17.055481,
		9.614507,
		9.614507,
		9.614507,
		2470.955823,
		2500.0,
		9.614507,
		2500.0,
		18.858301,
		9.614507,
		9.614507,
		9.614507,
		16.978917,
		13.296712,
		9.614507,
		2500.0,
		9.614507,
		13.296712,
		2500.0,
		2474.638028,
		9.614507,
		9.614507,
		9.614507,
		9.614507,
		21.385619,
		9.614507,
		9.614507,
		9.614507,
		9.614507,
		2500.0,
		2468.999874,
		9.614507,
		9.614507,
		10.185876,
		9.614507,
		9.77139,
		9.457625,
		9.614507,
		9.614507,
		9.614507,
		2500.0,
		9.614507,
		9.614507]
,

	"b6":[
		9.408671,
		9.614507,
		9.614507,
		9.408671,
		9.408671,
		9.614507,
		9.408671,
		9.408671,
		9.408671,
		9.408671,
		9.408671,
		9.408671,
		9.408671,
		9.408671,
		9.408671,
		9.408671,
		9.408671,
		9.408671,
		9.408671,
		9.408671,
		9.408671,
		9.408671,
		9.614507,
		9.408671,
		9.614507,
		9.614507,
		9.408671,
		9.614507,
		9.614507,
		9.614507,
		9.614507,
		9.614507,
		9.614507,
		9.614507,
		9.614507,
		2500.0,
		9.614507,
		9.614507,
		9.614507,
		9.614507,
		9.457625,
		9.77139,
		9.614507,
		10.757244,
		10.185876,
		9.614507,
		9.614507,
		9.614507,
		18.198218,
		9.614507,
		9.614507,
		13.373276,
		9.614507,
		17.055481,
		9.614507,
		9.614507,
		9.614507,
		2470.955823,
		2500.0,
		9.614507,
		2500.0,
		18.858301,
		9.614507,
		9.614507,
		9.614507,
		16.978917,
		13.296712,
		9.614507,
		2500.0,
		9.614507,
		13.296712,
		2500.0,
		2474.638028,
		9.614507,
		9.614507,
		9.614507,
		9.614507,
		21.385619,
		9.614507,
		9.614507,
		9.614507,
		9.614507,
		2500.0,
		2468.999874,
		9.614507,
		9.614507,
		10.185876,
		9.614507,
		9.77139,
		9.457625,
		9.614507,
		9.614507,
		9.614507,
		2500.0,
		9.614507,
		9.614507]
,