{
"LMPs": {
	"b1":[
		9.614507,
		9.614507,
		9.614507,
		9.614507,
		9.408671,
		9.408671,
		9.408671,
		9.408671,
		9.408671,
		9.408671,
		9.408671,
		9.408671,
		9.408671,
		9.408671,
		9.408671,
		9.408671,
		9.408671,
		9.408671,
		9.408671,
		9.408671,
		9.408671,
		9.408671,
		9.408671,
		9.408671,
		9.408671,
		9.408671,
		9.408671,
		9.408671,
		9.614507,
		9.614507,
		9.614507,
		9.614507,
		9.457625,
		9.614507,
		9.457625,
		9.457625,
		9.614507,
		9.614507,
		9.614507,
		9.614507,
		9.614507,
		9.614507,
		9.614507,
		9.614507,
		9.614507,
		9.614507,
		9.614507,
		9.614507,
		9.614507,
		9.614507,
		9.614507,
		9.614507,
		9.614507,
		9.614507,
		9.614507,
		9.614507,
		9.614507,
		10.185876,
		10.185876,
		10.185876,
		10.185876,
		10.185876,
		10.185876,
		10.185876,
		10.185876,
		10.185876,
		10.185876,
		10.185876,
		10.185876,
		10.185876,
		10.185876,
		10.185876,
		10.185876,
		10.185876,
		10.185876,
		10.185876,
		10.185876,
		10.185876,
		10.185876,
		10.185876,
		10.185876,
		9.614507,
		10.185876,
		9.614507,
		9.614507,
		9.614507,
		9.614507,
		9.614507,
		9.614507,
		9.614507,
		9.614507,
		9.614507,
		9.614507,
		9.614507,
		9.614507,
		9.614507]
,

	"b2":[
		9.614507,
		9.614507,
		9.614507,
		9.614507,
		9.408671,
		9.408671,
		9.408671,
		9.408671,
		9.408671,
		9.408671,
		9.408671,
		9.408671,
		9.408671,
		9.408671,
		9.408671,
		9.408671,
		9.408671,
		9.408671,
		9.408671,
		9.408671,
		9.408671,
		9.408671,
		9.408671,
		9.408671,
		9.408671,
		9.408671,
		9.408671,
		9.408671,
		9.614507,
		9.614507,
		9.614507,
		9.614507,
		9.457625,
		9.614507,
		9.457625,
		9.457625,
		9.614507,
		9.614507,
		9.614507,
		9.614507,
		9.614507,
		9.614507,
		9.614507,
		9.614507,
		9.614507,
		9.614507,
		9.614507,
		9.614507,
		9.614507,
		9.614507,
		9.614507,
		9.614507,
		9.614507,
		9.614507,
		9.614507,
		9.614507,
		9.614507,
		10.185876,
		10.185876,
		10.185876,
		10.185876,
		10.185876,
		10.185876,
		10.185876,
		10.185876,
		10.185876,
		10.185876,
		10.185876,
		10.185876,
		10.185876,
		10.185876,
		10.185876,
		10.185876,
		10.185876,
		10.185876,
		10.185876,
		10.185876,
		10.185876,
		10.185876,
		10.185876,
		10.185876,
		9.614507,
		10.185876,
		9.614507,
		9.614507,
		9.614507,
		9.614507,
		9.614507,
		9.614507,
		9.614507,
		9.614507,
		9.614507,
		9.614507,
		9.614507,
		9.614507,
		9.614507]
,

	"b3":[
		9.614507,
		9.614507,
		9.614507,
		9.614507,
		9.408671,
		9.408671,
		9.408671,
		9.408671,
		9.408671,
		9.408671,
		9.408671,
		9.408671,
		9.408671,
		9.408671,
		9.408671,
		9.408671,
		9.408671,
		9.408671,
		9.408671,
		9.408671,
		9.408671,
		9.408671,
		9.408671,
		9.408671,
		9.408671,
		9.408671,
		9.408671,
		9.408671,
		9.614507,
		9.614507,
		9.614507,
		9.614507,
		9.457625,
		9.614507,
		9.457625,
		9.457625,
		9.614507,
		9.614507,
		9.614507,
		9.614507,
		9.614507,
		9.614507,
		9.614507,
		9.614507,
		9.614507,
		9.614507,
		9.614507,
		9.614507,
		9.614507,
		9.614507,
		9.614507,
		9.614507,
		9.614507,
		9.614507,
		9.614507,
		9.614507,
		9.614507,
		10.185876,
		10.185876,
		10.185876,
		10.185876,
		10.185876,
		10.185876,
		10.185876,
		10.185876,
		10.185876,
		10.185876,
		10.185876,
		10.185876,
		10.185876,
		10.185876,
		10.185876,
		10.185876,
		10.185876,
		10.185876,
		10.185876,
		10.185876,
		10.185876,
		10.185876,
		10.185876,
		10.185876,
		9.614507,
		10.185876,
		9.614507,
		9.614507,
		9.614507,
		9.614507,
		9.614507,
		9.614507,
		9.614507,
		9.614507,
		9.614507,
		9.614507,
		9.614507,
		9.614507,
		9.614507]
,

	"b4":[
		9.614507,
		9.614507,
		9.614507,
		9.614507,
		9.408671,
		9.408671,
		9.408671,
		9.408671,
		9.408671,
		9.408671,
		9.408671,
		9.408671,
		9.408671,
		9.408671,
		9.408671,
		9.408671,
		9.408671,
		9.408671,
		9.408671,
		9.408671,
		9.408671,
		9.408671,
		9.408671,
		9.408671,
		9.408671,
		9.408671,
		9.408671,
		9.408671,
		9.614507,
		9.614507,
		9.614507,
		9.614507,
		9.457625,
		9.614507,
		9.457625,
		9.457625,
		9.614507,
		9.614507,
		9.614507,
		9.614507,
		9.614507,
		9.614507,
		9.614507,
		9.614507,
		9.614507,
		9.614507,
		9.614507,
		9.614507,
		9.614507,
		9.614507,
		9.614507,
		9.614507,
		9.614507,
		9.614507,
		9.614507,
		9.614507,
		9.614507,
		10.185876,
		10.185876,
		10.185876,
		10.185876,
		10.185876,
		10.185876,
		10.185876,
		10.185876,
		10.185876,
		10.185876,
		10.185876,
		10.185876,
		10.185876,
		10.185876,
		10.185876,
		10.185876,
		10.185876,
		10.185876,
		10.185876,
		10.185876,
		10.185876,
		10.185876,
		10.185876,
		10.185876,
		9.614507,
		10.185876,
		9.614507,
		9.614507,
		9.614507,
		9.614507,
		9.614507,
		9.614507,
		9.614507,
		9.614507,
		9.614507,
		9.614507,
		9.614507,
		9.614507,
		9.614507]
,

	"b5":[
		9.614507,
		9.614507,
		9.614507,
		9.614507,
		9.408671,
		9.408671,
		9.408671,
		9.408671,
		9.408671,
		9.408671,
		9.408671,
		9.408671,
		9.408671,
		9.408671,
		9.408671,
		9.408671,
		9.408671,
		9.408671,
		9.408671,
		9.408671,
		9.408671,
		9.408671,
		9.408671,
		9.408671,
		9.408671,
		9.408671,
		9.408671,
		9.408671,
		9.614507,
		9.614507,
		9.614507,
		9.614507,
		9.457625,
		9.614507,
		9.457625,
		9.457625,
		9.614507,
		9.614507,
		9.614507,
		9.614507,
		9.614507,
		9.614507,
		9.614507,
		9.614507,
		9.614507,
		9.614507,
		9.614507,
		9.614507,
		9.614507,
		9.614507,
		9.614507,
		9.614507,
		9.614507,
		9.614507,
		9.614507,
		9.614507,
		9.614507,
		10.185876,
		10.185876,
		10.185876,
		10.185876,
		10.185876,
		10.185876,
		10.185876,
		10.185876,
		10.185876,
		10.185876,
		10.185876,
		10.185876,
		10.185876,
		10.185876,
		10.185876,
		10.185876,
		10.185876,
		10.185876,
		10.185876,
		10.185876,
		10.185876,
		10.185876,
		10.185876,
		10.185876,
		9.614507,
		10.185876,
		9.614507,
		9.614507,
		9.614507,
		9.614507,
		9.614507,
		9.614507,
		9.614507,
		9.614507,
		9.614507,
		9.614507,
		9.614507,
		9.614507,
		9.614507]
,

	"b6":[
		9.614507,
		9.614507,
		9.614507,
		9.614507,
		9.408671,
		9.408671,
		9.408671,
		9.408671,
		9.408671,
		9.408671,
		9.408671,
		9.408671,
		9.408671,
		9.408671,
		9.408671,
		9.408671,
		9.408671,
		9.408671,
		9.408671,
		9.408671,
		9.408671,
		9.408671,
		9.408671,
		9.408671,
		9.408671,
		9.408671,
		9.408671,
		9.408671,
		9.614507,
		9.614507,
		9.614507,
		9.614507,
		9.457625,
		9.614507,
		9.457625,
		9.457625,
		9.614507,
		9.614507,
		9.614507,
		9.614507,
		9.614507,
		9.614507,
		9.614507,
		9.614507,
		9.614507,
		9.614507,
		9.614507,
		9.614507,
		9.614507,
		9.614507,
		9.614507,
		9.614507,
		9.614507,
		9.614507,
		9.614507,
		9.614507,
		9.614507,
		10.185876,
		10.185876,
		10.185876,
		10.185876,
		10.185876,
		10.185876,
		10.185876,
		10.185876,
		10.185876,
		10.185876,
		10.185876,
		10.185876,
		10.185876,
		10.185876,
		10.185876,
		10.185876,
		10.185876,
		10.185876,
		10.185876,
		10.185876,
		10.185876,
		10.185876,
		10.185876,
		10.185876,
		9.614507,
		10.185876,
		9.614507,
		9.614507,
		9.614507,
		9.614507,
		9.614507,
		9.614507,
		9.614507,
		9.614507,
		9.614507,
		9.614507,
		9.614507,
		9.614507,
		9.614507]
,