{
"LMPs": {
	"b1":[
		9.408671,
		9.408671,
		9.614507,
		9.614507,
		9.408671,
		9.408671,
		9.408671,
		9.408671,
		9.408671,
		9.408671,
		9.408671,
		9.408671,
		9.408671,
		9.408671,
		9.408671,
		9.408671,
		9.408671,
		9.408671,
		9.408671,
		9.408671,
		9.408671,
		9.408671,
		9.408671,
		9.408671,
		9.408671,
		9.408671,
		9.614507,
		9.408671,
		9.408671,
		9.614507,
		9.614507,
		9.614507,
		9.614507,
		9.457625,
		9.457625,
		9.614507,
		9.614507,
		9.614507,
		9.614507,
		9.614507,
		10.185876,
		9.614507,
		9.614507,
		9.614507,
		9.614507,
		10.185876,
		9.614507,
		9.614507,
		8.853763,
		11.862367,
		11.862367,
		9.448925,
		11.862367,
		10.185876,
		10.185876,
		10.185876,
		9.8174,
		11.862367,
		11.022192,
		10.757244,
		9.614507,
		10.185876,
		9.614507,
		11.022192,
		9.614507,
		9.614507,
		12.636629,
		9.614507,
		9.614507,
		10.185876,
		11.022192,
		9.614507,
		9.614507,
		9.614507,
		11.328613,
		9.614507,
		9.614507,
		9.614507,
		9.614507,
		9.614507,
		10.185876,
		11.022192,
		9.614507,
		11.022192,
		9.349559,
		9.614507,
		9.614507,
		9.77139,
		9.457625,
		9.614507,
		9.614507,
		9.457625,
		9.614507,
		9.457625,
		9.614507,
		9.614507]
,

	"b2":[
		9.408671,
		9.408671,
		9.614507,
		9.614507,
		9.408671,
		9.408671,
		9.408671,
		9.408671,
		9.408671,
		9.408671,
		9.408671,
		9.408671,
		9.408671,
		9.408671,
		9.408671,
		9.408671,
		9.408671,
		9.408671,
		9.408671,
		9.408671,
		9.408671,
		9.408671,
		9.408671,
		9.408671,
		9.408671,
		9.408671,
		9.614507,
		9.408671,
		9.408671,
		9.614507,
		9.614507,
		9.614507,
		9.614507,
		9.457625,
		9.457625,
		9.614507,
		9.614507,
		9.614507,
		9.614507,
		9.614507,
		10.185876,
		9.614507,
		9.614507,
		9.614507,
		9.614507,
		10.185876,
		9.614507,
		9.614507,
		8.853763,
		11.862367,
		11.862367,
		9.448925,
		11.862367,
		10.185876,
		10.185876,
		10.185876,
		9.8174,
		11.862367,
		11.022192,
		10.757244,
		9.614507,
		10.185876,
		9.614507,
		11.022192,
		9.614507,
		9.614507,
		12.636629,
		9.614507,
		9.614507,
		10.185876,
		11.022192,
		9.614507,
		9.614507,
		9.614507,
		11.328613,
		9.614507,
		9.614507,
		9.614507,
		9.614507,
		9.614507,
		10.185876,
		11.022192,
		9.614507,
		11.022192,
		9.349559,
		9.614507,
		9.614507,
		9.77139,
		9.457625,
		9.614507,
		9.614507,
		9.457625,
		9.614507,
		9.457625,
		9.614507,
		9.614507]
,

	"b3":[
		9.408671,
		9.408671,
		9.614507,
		9.614507,
		9.408671,
		9.408671,
		9.408671,
		9.408671,
		9.408671,
		9.408671,
		9.408671,
		9.408671,
		9.408671,
		9.408671,
		9.408671,
		9.408671,
		9.408671,
		9.408671,
		9.408671,
		9.408671,
		9.408671,
		9.408671,
		9.408671,
		9.408671,
		9.408671,
		9.408671,
		9.614507,
		9.408671,
		9.408671,
		9.614507,
		9.614507,
		9.614507,
		9.614507,
		9.457625,
		9.457625,
		9.614507,
		9.614507,
		9.614507,
		9.614507,
		9.614507,
		10.185876,
		9.614507,
		9.614507,
		9.614507,
		9.614507,
		10.185876,
		9.614507,
		9.614507,
		8.853763,
		11.862367,
		11.862367,
		9.448925,
		11.862367,
		10.185876,
		10.185876,
		10.185876,
		9.8174,
		11.862367,
		11.022192,
		10.757244,
		9.614507,
		10.185876,
		9.614507,
		11.022192,
		9.614507,
		9.614507,
		12.636629,
		9.614507,
		9.614507,
		10.185876,
		11.022192,
		9.614507,
		9.614507,
		9.614507,
		11.328613,
		9.614507,
		9.614507,
		9.614507,
		9.614507,
		9.614507,
		10.185876,
		11.022192,
		9.614507,
		11.022192,
		9.349559,
		9.614507,
		9.614507,
		9.77139,
		9.457625,
		9.614507,
		9.614507,
		9.457625,
		9.614507,
		9.457625,
		9.614507,
		9.614507]
,

	"b4":[
		9.408671,
		9.408671,
		9.614507,
		9.614507,
		9.408671,
		9.408671,
		9.408671,
		9.408671,
		9.408671,
		9.408671,
		9.408671,
		9.408671,
		9.408671,
		9.408671,
		9.408671,
		9.408671,
		9.408671,
		9.408671,
		9.408671,
		9.408671,
		9.408671,
		9.408671,
		9.408671,
		9.408671,
		9.408671,
		9.408671,
		9.614507,
		9.408671,
		9.408671,
		9.614507,
		9.614507,
		9.614507,
		9.614507,
		9.457625,
		9.457625,
		9.614507,
		9.614507,
		9.614507,
		9.614507,
		9.614507,
		10.185876,
		9.614507,
		9.614507,
		9.614507,
		9.614507,
		10.185876,
		9.614507,
		9.614507,
		8.853763,
		11.862367,
		11.862367,
		9.448925,
		11.862367,
		10.185876,
		10.185876,
		10.185876,
		9.8174,
		11.862367,
		11.022192,
		10.757244,
		9.614507,
		10.185876,
		9.614507,
		11.022192,
		9.614507,
		9.614507,
		12.636629,
		9.614507,
		9.614507,
		10.185876,
		11.022192,
		9.614507,
		9.614507,
		9.614507,
		11.328613,
		9.614507,
		9.614507,
		9.614507,
		9.614507,
		9.614507,
		10.185876,
		11.022192,
		9.614507,
		11.022192,
		9.349559,
		9.614507,
		9.614507,
		9.77139,
		9.457625,
		9.614507,
		9.614507,
		9.457625,
		9.614507,
		9.457625,
		9.614507,
		9.614507]
,

	"b5":[
		9.408671,
		9.408671,
		9.614507,
		9.614507,
		9.408671,
		9.408671,
		9.408671,
		9.408671,
		9.408671,
		9.408671,
		9.408671,
		9.408671,
		9.408671,
		9.408671,
		9.408671,
		9.408671,
		9.408671,
		9.408671,
		9.408671,
		9.408671,
		9.408671,
		9.408671,
		9.408671,
		9.408671,
		9.408671,
		9.408671,
		9.614507,
		9.408671,
		9.408671,
		9.614507,
		9.614507,
		9.614507,
		9.614507,
		9.457625,
		9.457625,
		9.614507,
		9.614507,
		9.614507,
		9.614507,
		9.614507,
		10.185876,
		9.614507,
		9.614507,
		9.614507,
		9.614507,
		10.185876,
		9.614507,
		9.614507,
		8.853763,
		11.862367,
		11.862367,
		9.448925,
		11.862367,
		10.185876,
		10.185876,
		10.185876,
		9.8174,
		11.862367,
		11.022192,
		10.757244,
		9.614507,
		10.185876,
		9.614507,
		11.022192,
		9.614507,
		9.614507,
		12.636629,
		9.614507,
		9.614507,
		10.185876,
		11.022192,
		9.614507,
		9.614507,
		9.614507,
		11.328613,
		9.614507,
		9.614507,
		9.614507,
		9.614507,
		9.614507,
		10.185876,
		11.022192,
		9.614507,
		11.022192,
		9.349559,
		9.614507,
		9.614507,
		9.77139,
		9.457625,
		9.614507,
		9.614507,
		9.457625,
		9.614507,
		9.457625,
		9.614507,
		9.614507]
,

	"b6":[
		9.408671,
		9.408671,
		9.614507,
		9.614507,
		9.408671,
		9.408671,
		9.408671,
		9.408671,
		9.408671,
		9.408671,
		9.408671,
		9.408671,
		9.408671,
		9.408671,
		9.408671,
		9.408671,
		9.408671,
		9.408671,
		9.408671,
		9.408671,
		9.408671,
		9.408671,
		9.408671,
		9.408671,
		9.408671,
		9.408671,
		9.614507,
		9.408671,
		9.408671,
		9.614507,
		9.614507,
		9.614507,
		9.614507,
		9.457625,
		9.457625,
		9.614507,
		9.614507,
		9.614507,
		9.614507,
		9.614507,
		10.185876,
		9.614507,
		9.614507,
		9.614507,
		9.614507,
		10.185876,
		9.614507,
		9.614507,
		8.853763,
		11.862367,
		11.862367,
		9.448925,
		11.862367,
		10.185876,
		10.185876,
		10.185876,
		9.8174,
		11.862367,
		11.022192,
		10.757244,
		9.614507,
		10.185876,
		9.614507,
		11.022192,
		9.614507,
		9.614507,
		12.636629,
		9.614507,
		9.614507,
		10.185876,
		11.022192,
		9.614507,
		9.614507,
		9.614507,
		11.328613,
		9.614507,
		9.614507,
		9.614507,
		9.614507,
		9.614507,
		10.185876,
		11.022192,
		9.614507,
		11.022192,
		9.349559,
		9.614507,
		9.614507,
		9.77139,
		9.457625,
		9.614507,
		9.614507,
		9.457625,
		9.614507,
		9.457625,
		9.614507,
		9.614507]
,