{
"LMPs": {
	"b1":[
		9.614507,
		9.614507,
		9.614507,
		9.614507,
		9.408671,
		9.408671,
		9.408671,
		9.408671,
		9.408671,
		9.408671,
		9.408671,
		9.408671,
		9.408671,
		9.408671,
		9.408671,
		9.408671,
		9.408671,
		9.408671,
		9.408671,
		9.408671,
		9.408671,
		9.408671,
		9.408671,
		9.408671,
		9.408671,
		10.008496,
		9.014683,
		9.408671,
		9.614507,
		9.614507,
		9.014683,
		10.008496,
		9.457625,
		9.614507,
		9.457625,
		9.614507,
		9.614507,
		9.614507,
		9.614507,
		9.614507,
		9.614507,
		9.457625,
		9.614507,
		9.614507,
		9.77139,
		9.457625,
		9.614507,
		9.457625,
		10.185876,
		9.614507,
		9.614507,
		9.614507,
		10.185876,
		9.614507,
		9.614507,
		9.614507,
		9.614507,
		9.614507,
		12.636629,
		9.614507,
		12.06526,
		9.614507,
		9.614507,
		9.614507,
		9.614507,
		9.614507,
		9.614507,
		9.614507,
		12.636629,
		9.614507,
		9.614507,
		10.757244,
		11.862367,
		9.8174,
		10.185876,
		9.614507,
		10.185876,
		9.614507,
		10.185876,
		9.614507,
		9.614507,
		10.185876,
		9.614507,
		9.614507,
		10.185876,
		9.614507,
		9.614507,
		9.614507,
		9.614507,
		9.614507,
		10.008496,
		9.014683,
		9.614507,
		9.457625,
		9.614507,
		9.614507]
,

	"b2":[
		9.614507,
		9.614507,
		9.614507,
		9.614507,
		9.408671,
		9.408671,
		9.408671,
		9.408671,
		9.408671,
		9.408671,
		9.408671,
		9.408671,
		9.408671,
		9.408671,
		9.408671,
		9.408671,
		9.408671,
		9.408671,
		9.408671,
		9.408671,
		9.408671,
		9.408671,
		9.408671,
		9.408671,
		9.408671,
		10.008496,
		9.014683,
		9.408671,
		9.614507,
		9.614507,
		9.014683,
		10.008496,
		9.457625,
		9.614507,
		9.457625,
		9.614507,
		9.614507,
		9.614507,
		9.614507,
		9.614507,
		9.614507,
		9.457625,
		9.614507,
		9.614507,
		9.77139,
		9.457625,
		9.614507,
		9.457625,
		10.185876,
		9.614507,
		9.614507,
		9.614507,
		10.185876,
		9.614507,
		9.614507,
		9.614507,
		9.614507,
		9.614507,
		12.636629,
		9.614507,
		12.06526,
		9.614507,
		9.614507,
		9.614507,
		9.614507,
		9.614507,
		9.614507,
		9.614507,
		12.636629,
		9.614507,
		9.614507,
		10.757244,
		11.862367,
		9.8174,
		10.185876,
		9.614507,
		10.185876,
		9.614507,
		10.185876,
		9.614507,
		9.614507,
		10.185876,
		9.614507,
		9.614507,
		10.185876,
		9.614507,
		9.614507,
		9.614507,
		9.614507,
		9.614507,
		10.008496,
		9.014683,
		9.614507,
		9.457625,
		9.614507,
		9.614507]
,

	"b3":[
		9.614507,
		9.614507,
		9.614507,
		9.614507,
		9.408671,
		9.408671,
		9.408671,
		9.408671,
		9.408671,
		9.408671,
		9.408671,
		9.408671,
		9.408671,
		9.408671,
		9.408671,
		9.408671,
		9.408671,
		9.408671,
		9.408671,
		9.408671,
		9.408671,
		9.408671,
		9.408671,
		9.408671,
		9.408671,
		10.008496,
		9.014683,
		9.408671,
		9.614507,
		9.614507,
		9.014683,
		10.008496,
		9.457625,
		9.614507,
		9.457625,
		9.614507,
		9.614507,
		9.614507,
		9.614507,
		9.614507,
		9.614507,
		9.457625,
		9.614507,
		9.614507,
		9.77139,
		9.457625,
		9.614507,
		9.457625,
		10.185876,
		9.614507,
		9.614507,
		9.614507,
		10.185876,
		9.614507,
		9.614507,
		9.614507,
		9.614507,
		9.614507,
		12.636629,
		9.614507,
		12.06526,
		9.614507,
		9.614507,
		9.614507,
		9.614507,
		9.614507,
		9.614507,
		9.614507,
		12.636629,
		9.614507,
		9.614507,
		10.757244,
		11.862367,
		9.8174,
		10.185876,
		9.614507,
		10.185876,
		9.614507,
		10.185876,
		9.614507,
		9.614507,
		10.185876,
		9.614507,
		9.614507,
		10.185876,
		9.614507,
		9.614507,
		9.614507,
		9.614507,
		9.614507,
		10.008496,
		9.014683,
		9.614507,
		9.457625,
		9.614507,
		9.614507]
,

	"b4":[
		9.614507,
		9.614507,
		9.614507,
		9.614507,
		9.408671,
		9.408671,
		9.408671,
		9.408671,
		9.408671,
		9.408671,
		9.408671,
		9.408671,
		9.408671,
		9.408671,
		9.408671,
		9.408671,
		9.408671,
		9.408671,
		9.408671,
		9.408671,
		9.408671,
		9.408671,
		9.408671,
		9.408671,
		9.408671,
		10.008496,
		9.014683,
		9.408671,
		9.614507,
		9.614507,
		9.014683,
		10.008496,
		9.457625,
		9.614507,
		9.457625,
		9.614507,
		9.614507,
		9.614507,
		9.614507,
		9.614507,
		9.614507,
		9.457625,
		9.614507,
		9.614507,
		9.77139,
		9.457625,
		9.614507,
		9.457625,
		10.185876,
		9.614507,
		9.614507,
		9.614507,
		10.185876,
		9.614507,
		9.614507,
		9.614507,
		9.614507,
		9.614507,
		12.636629,
		9.614507,
		12.06526,
		9.614507,
		9.614507,
		9.614507,
		9.614507,
		9.614507,
		9.614507,
		9.614507,
		12.636629,
		9.614507,
		9.614507,
		10.757244,
		11.862367,
		9.8174,
		10.185876,
		9.614507,
		10.185876,
		9.614507,
		10.185876,
		9.614507,
		9.614507,
		10.185876,
		9.614507,
		9.614507,
		10.185876,
		9.614507,
		9.614507,
		9.614507,
		9.614507,
		9.614507,
		10.008496,
		9.014683,
		9.614507,
		9.457625,
		9.614507,
		9.614507]
,

	"b5":[
		9.614507,
		9.614507,
		9.614507,
		9.614507,
		9.408671,
		9.408671,
		9.408671,
		9.408671,
		9.408671,
		9.408671,
		9.408671,
		9.408671,
		9.408671,
		9.408671,
		9.408671,
		9.408671,
		9.408671,
		9.408671,
		9.408671,
		9.408671,
		9.408671,
		9.408671,
		9.408671,
		9.408671,
		9.408671,
		10.008496,
		9.014683,
		9.408671,
		9.614507,
		9.614507,
		9.014683,
		10.008496,
		9.457625,
		9.614507,
		9.457625,
		9.614507,
		9.614507,
		9.614507,
		9.614507,
		9.614507,
		9.614507,
		9.457625,
		9.614507,
		9.614507,
		9.77139,
		9.457625,
		9.614507,
		9.457625,
		10.185876,
		9.614507,
		9.614507,
		9.614507,
		10.185876,
		9.614507,
		9.614507,
		9.614507,
		9.614507,
		9.614507,
		12.636629,
		9.614507,
		12.06526,
		9.614507,
		9.614507,
		9.614507,
		9.614507,
		9.614507,
		9.614507,
		9.614507,
		12.636629,
		9.614507,
		9.614507,
		10.757244,
		11.862367,
		9.8174,
		10.185876,
		9.614507,
		10.185876,
		9.614507,
		10.185876,
		9.614507,
		9.614507,
		10.185876,
		9.614507,
		9.614507,
		10.185876,
		9.614507,
		9.614507,
		9.614507,
		9.614507,
		9.614507,
		10.008496,
		9.014683,
		9.614507,
		9.457625,
		9.614507,
		9.614507]
,

	"b6":[
		9.614507,
		9.614507,
		9.614507,
		9.614507,
		9.408671,
		9.408671,
		9.408671,
		9.408671,
		9.408671,
		9.408671,
		9.408671,
		9.408671,
		9.408671,
		9.408671,
		9.408671,
		9.408671,
		9.408671,
		9.408671,
		9.408671,
		9.408671,
		9.408671,
		9.408671,
		9.408671,
		9.408671,
		9.408671,
		10.008496,
		9.014683,
		9.408671,
		9.614507,
		9.614507,
		9.014683,
		10.008496,
		9.457625,
		9.614507,
		9.457625,
		9.614507,
		9.614507,
		9.614507,
		9.614507,
		9.614507,
		9.614507,
		9.457625,
		9.614507,
		9.614507,
		9.77139,
		9.457625,
		9.614507,
		9.457625,
		10.185876,
		9.614507,
		9.614507,
		9.614507,
		10.185876,
		9.614507,
		9.614507,
		9.614507,
		9.614507,
		9.614507,
		12.636629,
		9.614507,
		12.06526,
		9.614507,
		9.614507,
		9.614507,
		9.614507,
		9.614507,
		9.614507,
		9.614507,
		12.636629,
		9.614507,
		9.614507,
		10.757244,
		11.862367,
		9.8174,
		10.185876,
		9.614507,
		10.185876,
		9.614507,
		10.185876,
		9.614507,
		9.614507,
		10.185876,
		9.614507,
		9.614507,
		10.185876,
		9.614507,
		9.614507,
		9.614507,
		9.614507,
		9.614507,
		10.008496,
		9.014683,
		9.614507,
		9.457625,
		9.614507,
		9.614507]
,