{
"LMPs": {
	"b1":[
		9.614507,
		9.614507,
		9.408671,
		10.008496,
		9.014683,
		9.408671,
		9.408671,
		9.408671,
		9.408671,
		9.408671,
		9.408671,
		9.408671,
		9.408671,
		9.408671,
		9.408671,
		9.408671,
		9.408671,
		9.408671,
		9.408671,
		9.408671,
		2481.182658,
		2500.0,
		9.408671,
		9.408671,
		10.008496,
		9.014683,
		9.408671,
		9.614507,
		9.408671,
		9.614507,
		9.614507,
		9.614507,
		9.457625,
		9.457625,
		9.457625,
		9.457625,
		9.457625,
		9.614507,
		9.614507,
		9.614507,
		9.614507,
		9.614507,
		9.614507,
		9.614507,
		9.614507,
		9.614507,
		9.614507,
		9.614507,
		9.614507,
		9.614507,
		2477.748864,
		2500.0,
		10.757244,
		9.614507,
		9.614507,
		9.614507,
		11.022192,
		11.022192,
		9.614507,
		9.614507,
		11.862367,
		9.614507,
		9.614507,
		11.862367,
		9.614507,
		10.185876,
		9.614507,
		10.185876,
		10.185876,
		10.185876,
		11.022192,
		11.022192,
		9.614507,
		9.614507,
		9.614507,
		9.614507,
		9.614507,
		11.862367,
		9.614507,
		10.185876,
		11.022192,
		9.614507,
		10.185876,
		9.614507,
		9.614507,
		12.636629,
		9.614507,
		9.614507,
		9.614507,
		9.614507,
		9.614507,
		9.77139,
		9.457625,
		9.614507,
		9.614507,
		9.457625]
,

	"b2":[
		9.614507,
		9.614507,
		9.408671,
		10.008496,
		9.014683,
		9.408671,
		9.408671,
		9.408671,
		9.408671,
		9.408671,
		9.408671,
		9.408671,
		9.408671,
		9.408671,
		9.408671,
		9.408671,
		9.408671,
		9.408671,
		9.408671,
		9.408671,
		2481.182658,
		2500.0,
		9.408671,
		9.408671,
		10.008496,
		9.014683,
		9.408671,
		9.614507,
		9.408671,
		9.614507,
		9.614507,
		9.614507,
		9.457625,
		9.457625,
		9.457625,
		9.457625,
		9.457625,
		9.614507,
		9.614507,
		9.614507,
		9.614507,
		9.614507,
		9.614507,
		9.614507,
		9.614507,
		9.614507,
		9.614507,
		9.614507,
		9.614507,
		9.614507,
		2477.748864,
		2500.0,
		10.757244,
		9.614507,
		9.614507,
		9.614507,
		11.022192,
		11.022192,
		9.614507,
		9.614507,
		11.862367,
		9.614507,
		9.614507,
		11.862367,
		9.614507,
		10.185876,
		9.614507,
		10.185876,
		10.185876,
		10.185876,
		11.022192,
		11.022192,
		9.614507,
		9.614507,
		9.614507,
		9.614507,
		9.614507,
		11.862367,
		9.614507,
		10.185876,
		11.022192,
		9.614507,
		10.185876,
		9.614507,
		9.614507,
		12.636629,
		9.614507,
		9.614507,
		9.614507,
		9.614507,
		9.614507,
		9.77139,
		9.457625,
		9.614507,
		9.614507,
		9.457625]
,

	"b3":[
		9.614507,
		9.614507,
		9.408671,
		10.008496,
		9.014683,
		9.408671,
		9.408671,
		9.408671,
		9.408671,
		9.408671,
		9.408671,
		9.408671,
		9.408671,
		9.408671,
		9.408671,
		9.408671,
		9.408671,
		9.408671,
		9.408671,
		9.408671,
		2481.182658,
		2500.0,
		9.408671,
		9.408671,
		10.008496,
		9.014683,
		9.408671,
		9.614507,
		9.408671,
		9.614507,
		9.614507,
		9.614507,
		9.457625,
		9.457625,
		9.457625,
		9.457625,
		9.457625,
		9.614507,
		9.614507,
		9.614507,
		9.614507,
		9.614507,
		9.614507,
		9.614507,
		9.614507,
		9.614507,
		9.614507,
		9.614507,
		9.614507,
		9.614507,
		2477.748864,
		2500.0,
		10.757244,
		9.614507,
		9.614507,
		9.614507,
		11.022192,
		11.022192,
		9.614507,
		9.614507,
		11.862367,
		9.614507,
		9.614507,
		11.862367,
		9.614507,
		10.185876,
		9.614507,
		10.185876,
		10.185876,
		10.185876,
		11.022192,
		11.022192,
		9.614507,
		9.614507,
		9.614507,
		9.614507,
		9.614507,
		11.862367,
		9.614507,
		10.185876,
		11.022192,
		9.614507,
		10.185876,
		9.614507,
		9.614507,
		12.636629,
		9.614507,
		9.614507,
		9.614507,
		9.614507,
		9.614507,
		9.77139,
		9.457625,
		9.614507,
		9.614507,
		9.457625]
,

	"b4":[
		9.614507,
		9.614507,
		9.408671,
		10.008496,
		9.014683,
		9.408671,
		9.408671,
		9.408671,
		9.408671,
		9.408671,
		9.408671,
		9.408671,
		9.408671,
		9.408671,
		9.408671,
		9.408671,
		9.408671,
		9.408671,
		9.408671,
		9.408671,
		2481.182658,
		2500.0,
		9.408671,
		9.408671,
		10.008496,
		9.014683,
		9.408671,
		9.614507,
		9.408671,
		9.614507,
		9.614507,
		9.614507,
		9.457625,
		9.457625,
		9.457625,
		9.457625,
		9.457625,
		9.614507,
		9.614507,
		9.614507,
		9.614507,
		9.614507,
		9.614507,
		9.614507,
		9.614507,
		9.614507,
		9.614507,
		9.614507,
		9.614507,
		9.614507,
		2477.748864,
		2500.0,
		10.757244,
		9.614507,
		9.614507,
		9.614507,
		11.022192,
		11.022192,
		9.614507,
		9.614507,
		11.862367,
		9.614507,
		9.614507,
		11.862367,
		9.614507,
		10.185876,
		9.614507,
		10.185876,
		10.185876,
		10.185876,
		11.022192,
		11.022192,
		9.614507,
		9.614507,
		9.614507,
		9.614507,
		9.614507,
		11.862367,
		9.614507,
		10.185876,
		11.022192,
		9.614507,
		10.185876,
		9.614507,
		9.614507,
		12.636629,
		9.614507,
		9.614507,
		9.614507,
		9.614507,
		9.614507,
		9.77139,
		9.457625,
		9.614507,
		9.614507,
		9.457625]
,

	"b5":[
		9.614507,
		9.614507,
		9.408671,
		10.008496,
		9.014683,
		9.408671,
		9.408671,
		9.408671,
		9.408671,
		9.408671,
		9.408671,
		9.408671,
		9.408671,
		9.408671,
		9.408671,
		9.408671,
		9.408671,
		9.408671,
		9.408671,
		9.408671,
		2481.182658,
		2500.0,
		9.408671,
		9.408671,
		10.008496,
		9.014683,
		9.408671,
		9.614507,
		9.408671,
		9.614507,
		9.614507,
		9.614507,
		9.457625,
		9.457625,
		9.457625,
		9.457625,
		9.457625,
		9.614507,
		9.614507,
		9.614507,
		9.614507,
		9.614507,
		9.614507,
		9.614507,
		9.614507,
		9.614507,
		9.614507,
		9.614507,
		9.614507,
		9.614507,
		2477.748864,
		2500.0,
		10.757244,
		9.614507,
		9.614507,
		9.614507,
		11.022192,
		11.022192,
		9.614507,
		9.614507,
		11.862367,
		9.614507,
		9.614507,
		11.862367,
		9.614507,
		10.185876,
		9.614507,
		10.185876,
		10.185876,
		10.185876,
		11.022192,
		11.022192,
		9.614507,
		9.614507,
		9.614507,
		9.614507,
		9.614507,
		11.862367,
		9.614507,
		10.185876,
		11.022192,
		9.614507,
		10.185876,
		9.614507,
		9.614507,
		12.636629,
		9.614507,
		9.614507,
		9.614507,
		9.614507,
		9.614507,
		9.77139,
		9.457625,
		9.614507,
		9.614507,
		9.457625]
,

	"b6":[
		9.614507,
		9.614507,
		9.408671,
		10.008496,
		9.014683,
		9.408671,
		9.408671,
		9.408671,
		9.408671,
		9.408671,
		9.408671,
		9.408671,
		9.408671,
		9.408671,
		9.408671,
		9.408671,
		9.408671,
		9.408671,
		9.408671,
		9.408671,
		2481.182658,
		2500.0,
		9.408671,
		9.408671,
		10.008496,
		9.014683,
		9.408671,
		9.614507,
		9.408671,
		9.614507,
		9.614507,
		9.614507,
		9.457625,
		9.457625,
		9.457625,
		9.457625,
		9.457625,
		9.614507,
		9.614507,
		9.614507,
		9.614507,
		9.614507,
		9.614507,
		9.614507,
		9.614507,
		9.614507,
		9.614507,
		9.614507,
		9.614507,
		9.614507,
		2477.748864,
		2500.0,
		10.757244,
		9.614507,
		9.614507,
		9.614507,
		11.022192,
		11.022192,
		9.614507,
		9.614507,
		11.862367,
		9.614507,
		9.614507,
		11.862367,
		9.614507,
		10.185876,
		9.614507,
		10.185876,
		10.185876,
		10.185876,
		11.022192,
		11.022192,
		9.614507,
		9.614507,
		9.614507,
		9.614507,
		9.614507,
		11.862367,
		9.614507,
		10.185876,
		11.022192,
		9.614507,
		10.185876,
		9.614507,
		9.614507,
		12.636629,
		9.614507,
		9.614507,
		9.614507,
		9.614507,
		9.614507,
		9.77139,
		9.457625,
		9.614507,
		9.614507,
		9.457625]
,