{
"LMPs": {
	"b1":[
		9.614507,
		2500.0,
		2480.976822,
		9.614507,
		9.408671,
		9.408671,
		9.408671,
		9.614507,
		9.408671,
		9.408671,
		9.408671,
		9.408671,
		9.408671,
		9.408671,
		9.614507,
		9.408671,
		9.408671,
		9.408671,
		9.408671,
		9.408671,
		9.408671,
		9.614507,
		9.614507,
		9.614507,
		9.614507,
		9.506578,
		9.408671,
		9.408671,
		9.614507,
		9.457625,
		9.614507,
		9.614507,
		9.614507,
		9.614507,
		9.614507,
		9.614507,
		9.614507,
		9.614507,
		9.614507,
		9.614507,
		2500.0,
		2480.3565,
		9.457625,
		9.77139,
		9.614507,
		9.614507,
		9.614507,
		9.614507,
		9.614507,
		11.862367,
		10.185876,
		10.185876,
		11.862367,
		9.614507,
		11.862367,
		9.614507,
		9.614507,
		12.06526,
		12.06526,
		9.614507,
		9.614507,
		9.614507,
		18.934866,
		9.614507,
		11.125416,
		11.862367,
		11.862367,
		11.862367,
		9.614507,
		8.853763,
		10.375251,
		11.862367,
		13.373276,
		9.614507,
		10.185876,
		11.862367,
		9.614507,
		9.614507,
		12.636629,
		9.614507,
		10.185876,
		10.185876,
		11.862367,
		9.614507,
		9.614507,
		9.614507,
		11.328613,
		9.614507,
		10.185876,
		10.185876,
		9.614507,
		9.614507,
		9.614507,
		9.614507,
		9.614507,
		9.614507]
,

	"b2":[
		9.614507,
		2500.0,
		2480.976822,
		9.614507,
		9.408671,
		9.408671,
		9.408671,
		9.614507,
		9.408671,
		9.408671,
		9.408671,
		9.408671,
		9.408671,
		9.408671,
		9.614507,
		9.408671,
		9.408671,
		9.408671,
		9.408671,
		9.408671,
		9.408671,
		9.614507,
		9.614507,
		9.614507,
		9.614507,
		9.506578,
		9.408671,
		9.408671,
		9.614507,
		9.457625,
		9.614507,
		9.614507,
		9.614507,
		9.614507,
		9.614507,
		9.614507,
		9.614507,
		9.614507,
		9.614507,
		9.614507,
		2500.0,
		2480.3565,
		9.457625,
		9.77139,
		9.614507,
		9.614507,
		9.614507,
		9.614507,
		9.614507,
		11.862367,
		10.185876,
		10.185876,
		11.862367,
		9.614507,
		11.862367,
		9.614507,
		9.614507,
		12.06526,
		12.06526,
		9.614507,
		9.614507,
		9.614507,
		18.934866,
		9.614507,
		11.125416,
		11.862367,
		11.862367,
		11.862367,
		9.614507,
		8.853763,
		10.375251,
		11.862367,
		13.373276,
		9.614507,
		10.185876,
		11.862367,
		9.614507,
		9.614507,
		12.636629,
		9.614507,
		10.185876,
		10.185876,
		11.862367,
		9.614507,
		9.614507,
		9.614507,
		11.328613,
		9.614507,
		10.185876,
		10.185876,
		9.614507,
		9.614507,
		9.614507,
		9.614507,
		9.614507,
		9.614507]
,

	"b3":[
		9.614507,
		2500.0,
		2480.976822,
		9.614507,
		9.408671,
		9.408671,
		9.408671,
		9.614507,
		9.408671,
		9.408671,
		9.408671,
		9.408671,
		9.408671,
		9.408671,
		9.614507,
		9.408671,
		9.408671,
		9.408671,
		9.408671,
		9.408671,
		9.408671,
		9.614507,
		9.614507,
		9.614507,
		9.614507,
		9.506578,
		9.408671,
		9.408671,
		9.614507,
		9.457625,
		9.614507,
		9.614507,
		9.614507,
		9.614507,
		9.614507,
		9.614507,
		9.614507,
		9.614507,
		9.614507,
		9.614507,
		2500.0,
		2480.3565,
		9.457625,
		9.77139,
		9.614507,
		9.614507,
		9.614507,
		9.614507,
		9.614507,
		11.862367,
		10.185876,
		10.185876,
		11.862367,
		9.614507,
		11.862367,
		9.614507,
		9.614507,
		12.06526,
		12.06526,
		9.614507,
		9.614507,
		9.614507,
		18.934866,
		9.614507,
		11.125416,
		11.862367,
		11.862367,
		11.862367,
		9.614507,
		8.853763,
		10.375251,
		11.862367,
		13.373276,
		9.614507,
		10.185876,
		11.862367,
		9.614507,
		9.614507,
		12.636629,
		9.614507,
		10.185876,
		10.185876,
		11.862367,
		9.614507,
		9.614507,
		9.614507,
		11.328613,
		9.614507,
		10.185876,
		10.185876,
		9.614507,
		9.614507,
		9.614507,
		9.614507,
		9.614507,
		9.614507]
,

	"b4":[
		9.614507,
		2500.0,
		2480.976822,
		9.614507,
		9.408671,
		9.408671,
		9.408671,
		9.614507,
		9.408671,
		9.408671,
		9.408671,
		9.408671,
		9.408671,
		9.408671,
		9.614507,
		9.408671,
		9.408671,
		9.408671,
		9.408671,
		9.408671,
		9.408671,
		9.614507,
		9.614507,
		9.614507,
		9.614507,
		9.506578,
		9.408671,
		9.408671,
		9.614507,
		9.457625,
		9.614507,
		9.614507,
		9.614507,
		9.614507,
		9.614507,
		9.614507,
		9.614507,
		9.614507,
		9.614507,
		9.614507,
		2500.0,
		2480.3565,
		9.457625,
		9.77139,
		9.614507,
		9.614507,
		9.614507,
		9.614507,
		9.614507,
		11.862367,
		10.185876,
		10.185876,
		11.862367,
		9.614507,
		11.862367,
		9.614507,
		9.614507,
		12.06526,
		12.06526,
		9.614507,
		9.614507,
		9.614507,
		18.934866,
		9.614507,
		11.125416,
		11.862367,
		11.862367,
		11.862367,
		9.614507,
		8.853763,
		10.375251,
		11.862367,
		13.373276,
		9.614507,
		10.185876,
		11.862367,
		9.614507,
		9.614507,
		12.636629,
		9.614507,
		10.185876,
		10.185876,
		11.862367,
		9.614507,
		9.614507,
		9.614507,
		11.328613,
		9.614507,
		10.185876,
		10.185876,
		9.614507,
		9.614507,
		9.614507,
		9.614507,
		9.614507,
		9.614507]
,

	"b5":[
		9.614507,
		2500.0,
		2480.976822,
		9.614507,
		9.408671,
		9.408671,
		9.408671,
		9.614507,
		9.408671,
		9.408671,
		9.408671,
		9.408671,
		9.408671,
		9.408671,
		9.614507,
		9.408671,
		9.408671,
		9.408671,
		9.408671,
		9.408671,
		9.408671,
		9.614507,
		9.614507,
		9.614507,
		9.614507,
		9.506578,
		9.408671,
		9.408671,
		9.614507,
		9.457625,
		9.614507,
		9.614507,
		9.614507,
		9.614507,
		9.614507,
		9.614507,
		9.614507,
		9.614507,
		9.614507,
		9.614507,
		2500.0,
		2480.3565,
		9.457625,
		9.77139,
		9.614507,
		9.614507,
		9.614507,
		9.614507,
		9.614507,
		11.862367,
		10.185876,
		10.185876,
		11.862367,
		9.614507,
		11.862367,
		9.614507,
		9.614507,
		12.06526,
		12.06526,
		9.614507,
		9.614507,
		9.614507,
		18.934866,
		9.614507,
		11.125416,
		11.862367,
		11.862367,
		11.862367,
		9.614507,
		8.853763,
		10.375251,
		11.862367,
		13.373276,
		9.614507,
		10.185876,
		11.862367,
		9.614507,
		9.614507,
		12.636629,
		9.614507,
		10.185876,
		10.185876,
		11.862367,
		9.614507,
		9.614507,
		9.614507,
		11.328613,
		9.614507,
		10.185876,
		10.185876,
		9.614507,
		9.614507,
		9.614507,
		9.614507,
		9.614507,
		9.614507]
,

	"b6":[
		9.614507,
		2500.0,
		2480.976822,
		9.614507,
		9.408671,
		9.408671,
		9.408671,
		9.614507,
		9.408671,
		9.408671,
		9.408671,
		9.408671,
		9.408671,
		9.408671,
		9.614507,
		9.408671,
		9.408671,
		9.408671,
		9.408671,
		9.408671,
		9.408671,
		9.614507,
		9.614507,
		9.614507,
		9.614507,
		9.506578,
		9.408671,
		9.408671,
		9.614507,
		9.457625,
		9.614507,
		9.614507,
		9.614507,
		9.614507,
		9.614507,
		9.614507,
		9.614507,
		9.614507,
		9.614507,
		9.614507,
		2500.0,
		2480.3565,
		9.457625,
		9.77139,
		9.614507,
		9.614507,
		9.614507,
		9.614507,
		9.614507,
		11.862367,
		10.185876,
		10.185876,
		11.862367,
		9.614507,
		11.862367,
		9.614507,
		9.614507,
		12.06526,
		12.06526,
		9.614507,
		9.614507,
		9.614507,
		18.934866,
		9.614507,
		11.125416,
		11.862367,
		11.862367,
		11.862367,
		9.614507,
		8.853763,
		10.375251,
		11.862367,
		13.373276,
		9.614507,
		10.185876,
		11.862367,
		9.614507,
		9.614507,
		12.636629,
		9.614507,
		10.185876,
		10.185876,
		11.862367,
		9.614507,
		9.614507,
		9.614507,
		11.328613,
		9.614507,
		10.185876,
		10.185876,
		9.614507,
		9.614507,
		9.614507,
		9.614507,
		9.614507,
		9.614507]
,