{
"LMPs": {
	"b1":[
		9.408671,
		9.614507,
		9.614507,
		9.408671,
		9.408671,
		9.614507,
		9.408671,
		9.614507,
		9.408671,
		9.408671,
		9.408671,
		9.408671,
		9.408671,
		9.408671,
		9.408671,
		9.408671,
		9.408671,
		9.614507,
		9.408671,
		9.408671,
		9.408671,
		9.614507,
		9.408671,
		9.614507,
		9.457625,
		9.457625,
		9.408671,
		9.614507,
		9.457625,
		9.614507,
		9.614507,
		9.614507,
		9.614507,
		9.614507,
		9.614507,
		9.457625,
		2500.0,
		2480.3565,
		9.614507,
		9.614507,
		9.614507,
		9.614507,
		9.614507,
		10.185876,
		9.614507,
		9.614507,
		10.375251,
		8.853763,
		9.614507,
		12.479746,
		10.185876,
		10.185876,
		11.862367,
		9.614507,
		11.696785,
		11.862367,
		9.614507,
		12.268153,
		9.614507,
		10.185876,
		10.185876,
		9.614507,
		14.110227,
		12.06526,
		9.614507,
		11.493892,
		12.06526,
		9.614507,
		10.185876,
		11.493892,
		11.493892,
		11.493892,
		11.493892,
		9.614507,
		15.658447,
		9.614507,
		9.614507,
		11.862367,
		9.614507,
		11.862367,
		10.185876,
		11.493892,
		11.862367,
		9.614507,
		10.757244,
		9.614507,
		9.614507,
		11.862367,
		7.366647,
		9.614507,
		9.614507,
		2480.770985,
		2500.0,
		9.614507,
		9.614507,
		9.614507]
,

	"b2":[
		9.408671,
		9.614507,
		9.614507,
		9.408671,
		9.408671,
		9.614507,
		9.408671,
		9.614507,
		9.408671,
		9.408671,
		9.408671,
		9.408671,
		9.408671,
		9.408671,
		9.408671,
		9.408671,
		9.408671,
		9.614507,
		9.408671,
		9.408671,
		9.408671,
		9.614507,
		9.408671,
		9.614507,
		9.457625,
		9.457625,
		9.408671,
		9.614507,
		9.457625,
		9.614507,
		9.614507,
		9.614507,
		9.614507,
		9.614507,
		9.614507,
		9.457625,
		2500.0,
		2480.3565,
		9.614507,
		9.614507,
		9.614507,
		9.614507,
		9.614507,
		10.185876,
		9.614507,
		9.614507,
		10.375251,
		8.853763,
		9.614507,
		12.479746,
		10.185876,
		10.185876,
		11.862367,
		9.614507,
		11.696785,
		11.862367,
		9.614507,
		12.268153,
		9.614507,
		10.185876,
		10.185876,
		9.614507,
		14.110227,
		12.06526,
		9.614507,
		11.493892,
		12.06526,
		9.614507,
		10.185876,
		11.493892,
		11.493892,
		11.493892,
		11.493892,
		9.614507,
		15.658447,
		9.614507,
		9.614507,
		11.862367,
		9.614507,
		11.862367,
		10.185876,
		11.493892,
		11.862367,
		9.614507,
		10.757244,
		9.614507,
		9.614507,
		11.862367,
		7.366647,
		9.614507,
		9.614507,
		2480.770985,
		2500.0,
		9.614507,
		9.614507,
		9.614507]
,

	"b3":[
		9.408671,
		9.614507,
		9.614507,
		9.408671,
		9.408671,
		9.614507,
		9.408671,
		9.614507,
		9.408671,
		9.408671,
		9.408671,
		9.408671,
		9.408671,
		9.408671,
		9.408671,
		9.408671,
		9.408671,
		9.614507,
		9.408671,
		9.408671,
		9.408671,
		9.614507,
		9.408671,
		9.614507,
		9.457625,
		9.457625,
		9.408671,
		9.614507,
		9.457625,
		9.614507,
		9.614507,
		9.614507,
		9.614507,
		9.614507,
		9.614507,
		9.457625,
		2500.0,
		2480.3565,
		9.614507,
		9.614507,
		9.614507,
		9.614507,
		9.614507,
		10.185876,
		9.614507,
		9.614507,
		10.375251,
		8.853763,
		9.614507,
		12.479746,
		10.185876,
		10.185876,
		11.862367,
		9.614507,
		11.696785,
		11.862367,
		9.614507,
		12.268153,
		9.614507,
		10.185876,
		10.185876,
		9.614507,
		14.110227,
		12.06526,
		9.614507,
		11.493892,
		12.06526,
		9.614507,
		10.185876,
		11.493892,
		11.493892,
		11.493892,
		11.493892,
		9.614507,
		15.658447,
		9.614507,
		9.614507,
		11.862367,
		9.614507,
		11.862367,
		10.185876,
		11.493892,
		11.862367,
		9.614507,
		10.757244,
		9.614507,
		9.614507,
		11.862367,
		7.366647,
		9.614507,
		9.614507,
		2480.770985,
		2500.0,
		9.614507,
		9.614507,
		9.614507]
,

	"b4":[
		9.408671,
		9.614507,
		9.614507,
		9.408671,
		9.408671,
		9.614507,
		9.408671,
		9.614507,
		9.408671,
		9.408671,
		9.408671,
		9.408671,
		9.408671,
		9.408671,
		9.408671,
		9.408671,
		9.408671,
		9.614507,
		9.408671,
		9.408671,
		9.408671,
		9.614507,
		9.408671,
		9.614507,
		9.457625,
		9.457625,
		9.408671,
		9.614507,
		9.457625,
		9.614507,
		9.614507,
		9.614507,
		9.614507,
		9.614507,
		9.614507,
		9.457625,
		2500.0,
		2480.3565,
		9.614507,
		9.614507,
		9.614507,
		9.614507,
		9.614507,
		10.185876,
		9.614507,
		9.614507,
		10.375251,
		8.853763,
		9.614507,
		12.479746,
		10.185876,
		10.185876,
		11.862367,
		9.614507,
		11.696785,
		11.862367,
		9.614507,
		12.268153,
		9.614507,
		10.185876,
		10.185876,
		9.614507,
		14.110227,
		12.06526,
		9.614507,
		11.493892,
		12.06526,
		9.614507,
		10.185876,
		11.493892,
		11.493892,
		11.493892,
		11.493892,
		9.614507,
		15.658447,
		9.614507,
		9.614507,
		11.862367,
		9.614507,
		11.862367,
		10.185876,
		11.493892,
		11.862367,
		9.614507,
		10.757244,
		9.614507,
		9.614507,
		11.862367,
		7.366647,
		9.614507,
		9.614507,
		2480.770985,
		2500.0,
		9.614507,
		9.614507,
		9.614507]
,

	"b5":[
		9.408671,
		9.614507,
		9.614507,
		9.408671,
		9.408671,
		9.614507,
		9.408671,
		9.614507,
		9.408671,
		9.408671,
		9.408671,
		9.408671,
		9.408671,
		9.408671,
		9.408671,
		9.408671,
		9.408671,
		9.614507,
		9.408671,
		9.408671,
		9.408671,
		9.614507,
		9.408671,
		9.614507,
		9.457625,
		9.457625,
		9.408671,
		9.614507,
		9.457625,
		9.614507,
		9.614507,
		9.614507,
		9.614507,
		9.614507,
		9.614507,
		9.457625,
		2500.0,
		2480.3565,
		9.614507,
		9.614507,
		9.614507,
		9.614507,
		9.614507,
		10.185876,
		9.614507,
		9.614507,
		10.375251,
		8.853763,
		9.614507,
		12.479746,
		10.185876,
		10.185876,
		11.862367,
		9.614507,
		11.696785,
		11.862367,
		9.614507,
		12.268153,
		9.614507,
		10.185876,
		10.185876,
		9.614507,
		14.110227,
		12.06526,
		9.614507,
		11.493892,
		12.06526,
		9.614507,
		10.185876,
		11.493892,
		11.493892,
		11.493892,
		11.493892,
		9.614507,
		15.658447,
		9.614507,
		9.614507,
		11.862367,
		9.614507,
		11.862367,
		10.185876,
		11.493892,
		11.862367,
		9.614507,
		10.757244,
		9.614507,
		9.614507,
		11.862367,
		7.366647,
		9.614507,
		9.614507,
		2480.770985,
		2500.0,
		9.614507,
		9.614507,
		9.614507]
,

	"b6":[
		9.408671,
		9.614507,
		9.614507,
		9.408671,
		9.408671,
		9.614507,
		9.408671,
		9.614507,
		9.408671,
		9.408671,
		9.408671,
		9.408671,
		9.408671,
		9.408671,
		9.408671,
		9.408671,
		9.408671,
		9.614507,
		9.408671,
		9.408671,
		9.408671,
		9.614507,
		9.408671,
		9.614507,
		9.457625,
		9.457625,
		9.408671,
		9.614507,
		9.457625,
		9.614507,
		9.614507,
		9.614507,
		9.614507,
		9.614507,
		9.614507,
		9.457625,
		2500.0,
		2480.3565,
		9.614507,
		9.614507,
		9.614507,
		9.614507,
		9.614507,
		10.185876,
		9.614507,
		9.614507,
		10.375251,
		8.853763,
		9.614507,
		12.479746,
		10.185876,
		10.185876,
		11.862367,
		9.614507,
		11.696785,
		11.862367,
		9.614507,
		12.268153,
		9.614507,
		10.185876,
		10.185876,
		9.614507,
		14.110227,
		12.06526,
		9.614507,
		11.493892,
		12.06526,
		9.614507,
		10.185876,
		11.493892,
		11.493892,
		11.493892,
		11.493892,
		9.614507,
		15.658447,
		9.614507,
		9.614507,
		11.862367,
		9.614507,
		11.862367,
		10.185876,
		11.493892,
		11.862367,
		9.614507,
		10.757244,
		9.614507,
		9.614507,
		11.862367,
		7.366647,
		9.614507,
		9.614507,
		2480.770985,
		2500.0,
		9.614507,
		9.614507,
		9.614507]
,