{
	"Reserves": {
		"Up-FRP (MW)": [
			5.180912, 
			5.128756, 
			5.180912, 
			5.128756, 
			4.834180, 
			4.956228, 
			4.834180, 
			4.956228, 
			4.686447, 
			4.623005, 
			4.686447, 
			4.623005, 
			4.539946, 
			4.527764, 
			4.539946, 
			4.527764, 
			4.545047, 
			4.585898, 
			4.545047, 
			4.585898, 
			4.864706, 
			4.808626, 
			4.864706, 
			4.808626, 
			5.239679, 
			5.313899, 
			5.239679, 
			5.313899, 
			5.662662, 
			5.699979, 
			5.662662, 
			5.699979, 
			6.133898, 
			6.145487, 
			6.133898, 
			6.145487, 
			6.556188, 
			6.566948, 
			6.556188, 
			6.566948, 
			7.027542, 
			7.095087, 
			7.027542, 
			7.095087, 
			7.453338, 
			7.432823, 
			7.453338, 
			7.432823, 
			7.722504, 
			7.847692, 
			7.722504, 
			7.847692, 
			8.083457, 
			8.015755, 
			8.083457, 
			8.015755, 
			8.229683, 
			8.213173, 
			8.229683, 
			8.213173, 
			8.286470, 
			8.313934, 
			8.286470, 
			8.313934, 
			8.383939, 
			8.457486, 
			8.383939, 
			8.457486, 
			8.311162, 
			8.442093, 
			8.311162, 
			8.442093, 
			8.103849, 
			8.045230, 
			8.103849, 
			8.045230, 
			7.857444, 
			7.813930, 
			7.857444, 
			7.813930, 
			7.700426, 
			7.791718, 
			7.700426, 
			7.791718, 
			7.206854, 
			7.304949, 
			7.206854, 
			7.304949, 
			6.569534, 
			6.529392, 
			6.569534, 
			6.529392, 
			5.972286, 
			6.058851, 
			5.972286, 
			6.058851],
		"Down-FRP (MW)": [
			5.180912, 
			5.128756, 
			5.180912, 
			5.128756, 
			4.834180, 
			4.956228, 
			4.834180, 
			4.956228, 
			4.686447, 
			4.623005, 
			4.686447, 
			4.623005, 
			4.539946, 
			4.527764, 
			4.539946, 
			4.527764, 
			4.545047, 
			4.585898, 
			4.545047, 
			4.585898, 
			4.864706, 
			4.808626, 
			4.864706, 
			4.808626, 
			5.239679, 
			5.313899, 
			5.239679, 
			5.313899, 
			5.662662, 
			5.699979, 
			5.662662, 
			5.699979, 
			6.133898, 
			6.145487, 
			6.133898, 
			6.145487, 
			6.556188, 
			6.566948, 
			6.556188, 
			6.566948, 
			7.027542, 
			7.095087, 
			7.027542, 
			7.095087, 
			7.453338, 
			7.432823, 
			7.453338, 
			7.432823, 
			7.722504, 
			7.847692, 
			7.722504, 
			7.847692, 
			8.083457, 
			8.015755, 
			8.083457, 
			8.015755, 
			8.229683, 
			8.213173, 
			8.229683, 
			8.213173, 
			8.286470, 
			8.313934, 
			8.286470, 
			8.313934, 
			8.383939, 
			8.457486, 
			8.383939, 
			8.457486, 
			8.311162, 
			8.442093, 
			8.311162, 
			8.442093, 
			8.103849, 
			8.045230, 
			8.103849, 
			8.045230, 
			7.857444, 
			7.813930, 
			7.857444, 
			7.813930, 
			7.700426, 
			7.791718, 
			7.700426, 
			7.791718, 
			7.206854, 
			7.304949, 
			7.206854, 
			7.304949, 
			6.569534, 
			6.529392, 
			6.569534, 
			6.529392, 
			5.972286, 
			6.058851, 
			5.972286, 
			6.058851]
	}
}