{
"LMPs": {
	"b1":[
		9.408671,
		9.408671,
		9.614507,
		9.614507,
		9.408671,
		9.408671,
		9.408671,
		9.408671,
		9.408671,
		9.408671,
		9.408671,
		9.408671,
		9.408671,
		9.408671,
		9.408671,
		9.408671,
		9.408671,
		9.408671,
		9.408671,
		9.408671,
		9.408671,
		9.408671,
		9.408671,
		9.408671,
		9.408671,
		9.614507,
		9.614507,
		9.408671,
		9.614507,
		9.614507,
		9.614507,
		9.614507,
		9.614507,
		9.614507,
		9.614507,
		9.614507,
		9.614507,
		9.614507,
		9.614507,
		9.614507,
		13.207997,
		9.614507,
		10.185876,
		9.614507,
		9.614507,
		12.636629,
		11.493892,
		9.614507,
		2474.638028,
		2500.0,
		2500.0,
		4961.912684,
		2500.0,
		11.493892,
		13.296712,
		13.296712,
		9.614507,
		2500.0,
		13.296712,
		15.176097,
		9.614507,
		11.493892,
		2475.209396,
		2500.0,
		9.614507,
		9.614507,
		2500.0,
		9.614507,
		9.614507,
		11.493892,
		15.176097,
		9.614507,
		9.614507,
		9.614507,
		2500.0,
		2469.571242,
		9.614507,
		10.185876,
		10.185876,
		9.614507,
		12.06526,
		13.373276,
		9.614507,
		2500.0,
		2477.748864,
		9.614507,
		9.614507,
		10.185876,
		9.614507,
		9.614507,
		9.614507,
		9.614507,
		9.614507,
		9.614507,
		9.614507,
		9.614507]
,

	"b2":[
		9.408671,
		9.408671,
		9.614507,
		9.614507,
		9.408671,
		9.408671,
		9.408671,
		9.408671,
		9.408671,
		9.408671,
		9.408671,
		9.408671,
		9.408671,
		9.408671,
		9.408671,
		9.408671,
		9.408671,
		9.408671,
		9.408671,
		9.408671,
		9.408671,
		9.408671,
		9.408671,
		9.408671,
		9.408671,
		9.614507,
		9.614507,
		9.408671,
		9.614507,
		9.614507,
		9.614507,
		9.614507,
		9.614507,
		9.614507,
		9.614507,
		9.614507,
		9.614507,
		9.614507,
		9.614507,
		9.614507,
		13.207997,
		9.614507,
		10.185876,
		9.614507,
		9.614507,
		12.636629,
		11.493892,
		9.614507,
		2474.638028,
		2500.0,
		2500.0,
		4961.912684,
		2500.0,
		11.493892,
		13.296712,
		13.296712,
		9.614507,
		2500.0,
		13.296712,
		15.176097,
		9.614507,
		11.493892,
		2475.209396,
		2500.0,
		9.614507,
		9.614507,
		2500.0,
		9.614507,
		9.614507,
		11.493892,
		15.176097,
		9.614507,
		9.614507,
		9.614507,
		2500.0,
		2469.571242,
		9.614507,
		10.185876,
		10.185876,
		9.614507,
		12.06526,
		13.373276,
		9.614507,
		2500.0,
		2477.748864,
		9.614507,
		9.614507,
		10.185876,
		9.614507,
		9.614507,
		9.614507,
		9.614507,
		9.614507,
		9.614507,
		9.614507,
		9.614507]
,

	"b3":[
		9.408671,
		9.408671,
		9.614507,
		9.614507,
		9.408671,
		9.408671,
		9.408671,
		9.408671,
		9.408671,
		9.408671,
		9.408671,
		9.408671,
		9.408671,
		9.408671,
		9.408671,
		9.408671,
		9.408671,
		9.408671,
		9.408671,
		9.408671,
		9.408671,
		9.408671,
		9.408671,
		9.408671,
		9.408671,
		9.614507,
		9.614507,
		9.408671,
		9.614507,
		9.614507,
		9.614507,
		9.614507,
		9.614507,
		9.614507,
		9.614507,
		9.614507,
		9.614507,
		9.614507,
		9.614507,
		9.614507,
		13.207997,
		9.614507,
		10.185876,
		9.614507,
		9.614507,
		12.636629,
		11.493892,
		9.614507,
		2474.638028,
		2500.0,
		2500.0,
		4961.912684,
		2500.0,
		11.493892,
		13.296712,
		13.296712,
		9.614507,
		2500.0,
		13.296712,
		15.176097,
		9.614507,
		11.493892,
		2475.209396,
		2500.0,
		9.614507,
		9.614507,
		2500.0,
		9.614507,
		9.614507,
		11.493892,
		15.176097,
		9.614507,
		9.614507,
		9.614507,
		2500.0,
		2469.571242,
		9.614507,
		10.185876,
		10.185876,
		9.614507,
		12.06526,
		13.373276,
		9.614507,
		2500.0,
		2477.748864,
		9.614507,
		9.614507,
		10.185876,
		9.614507,
		9.614507,
		9.614507,
		9.614507,
		9.614507,
		9.614507,
		9.614507,
		9.614507]
,

	"b4":[
		9.408671,
		9.408671,
		9.614507,
		9.614507,
		9.408671,
		9.408671,
		9.408671,
		9.408671,
		9.408671,
		9.408671,
		9.408671,
		9.408671,
		9.408671,
		9.408671,
		9.408671,
		9.408671,
		9.408671,
		9.408671,
		9.408671,
		9.408671,
		9.408671,
		9.408671,
		9.408671,
		9.408671,
		9.408671,
		9.614507,
		9.614507,
		9.408671,
		9.614507,
		9.614507,
		9.614507,
		9.614507,
		9.614507,
		9.614507,
		9.614507,
		9.614507,
		9.614507,
		9.614507,
		9.614507,
		9.614507,
		13.207997,
		9.614507,
		10.185876,
		9.614507,
		9.614507,
		12.636629,
		11.493892,
		9.614507,
		2474.638028,
		2500.0,
		2500.0,
		4961.912684,
		2500.0,
		11.493892,
		13.296712,
		13.296712,
		9.614507,
		2500.0,
		13.296712,
		15.176097,
		9.614507,
		11.493892,
		2475.209396,
		2500.0,
		9.614507,
		9.614507,
		2500.0,
		9.614507,
		9.614507,
		11.493892,
		15.176097,
		9.614507,
		9.614507,
		9.614507,
		2500.0,
		2469.571242,
		9.614507,
		10.185876,
		10.185876,
		9.614507,
		12.06526,
		13.373276,
		9.614507,
		2500.0,
		2477.748864,
		9.614507,
		9.614507,
		10.185876,
		9.614507,
		9.614507,
		9.614507,
		9.614507,
		9.614507,
		9.614507,
		9.614507,
		9.614507]
,

	"b5":[
		9.408671,
		9.408671,
		9.614507,
		9.614507,
		9.408671,
		9.408671,
		9.408671,
		9.408671,
		9.408671,
		9.408671,
		9.408671,
		9.408671,
		9.408671,
		9.408671,
		9.408671,
		9.408671,
		9.408671,
		9.408671,
		9.408671,
		9.408671,
		9.408671,
		9.408671,
		9.408671,
		9.408671,
		9.408671,
		9.614507,
		9.614507,
		9.408671,
		9.614507,
		9.614507,
		9.614507,
		9.614507,
		9.614507,
		9.614507,
		9.614507,
		9.614507,
		9.614507,
		9.614507,
		9.614507,
		9.614507,
		13.207997,
		9.614507,
		10.185876,
		9.614507,
		9.614507,
		12.636629,
		11.493892,
		9.614507,
		2474.638028,
		2500.0,
		2500.0,
		4961.912684,
		2500.0,
		11.493892,
		13.296712,
		13.296712,
		9.614507,
		2500.0,
		13.296712,
		15.176097,
		9.614507,
		11.493892,
		2475.209396,
		2500.0,
		9.614507,
		9.614507,
		2500.0,
		9.614507,
		9.614507,
		11.493892,
		15.176097,
		9.614507,
		9.614507,
		9.614507,
		2500.0,
		2469.571242,
		9.614507,
		10.185876,
		10.185876,
		9.614507,
		12.06526,
		13.373276,
		9.614507,
		2500.0,
		2477.748864,
		9.614507,
		9.614507,
		10.185876,
		9.614507,
		9.614507,
		9.614507,
		9.614507,
		9.614507,
		9.614507,
		9.614507,
		9.614507]
,

	"b6":[
		9.408671,
		9.408671,
		9.614507,
		9.614507,
		9.408671,
		9.408671,
		9.408671,
		9.408671,
		9.408671,
		9.408671,
		9.408671,
		9.408671,
		9.408671,
		9.408671,
		9.408671,
		9.408671,
		9.408671,
		9.408671,
		9.408671,
		9.408671,
		9.408671,
		9.408671,
		9.408671,
		9.408671,
		9.408671,
		9.614507,
		9.614507,
		9.408671,
		9.614507,
		9.614507,
		9.614507,
		9.614507,
		9.614507,
		9.614507,
		9.614507,
		9.614507,
		9.614507,
		9.614507,
		9.614507,
		9.614507,
		13.207997,
		9.614507,
		10.185876,
		9.614507,
		9.614507,
		12.636629,
		11.493892,
		9.614507,
		2474.638028,
		2500.0,
		2500.0,
		4961.912684,
		2500.0,
		11.493892,
		13.296712,
		13.296712,
		9.614507,
		2500.0,
		13.296712,
		15.176097,
		9.614507,
		11.493892,
		2475.209396,
		2500.0,
		9.614507,
		9.614507,
		2500.0,
		9.614507,
		9.614507,
		11.493892,
		15.176097,
		9.614507,
		9.614507,
		9.614507,
		2500.0,
		2469.571242,
		9.614507,
		10.185876,
		10.185876,
		9.614507,
		12.06526,
		13.373276,
		9.614507,
		2500.0,
		2477.748864,
		9.614507,
		9.614507,
		10.185876,
		9.614507,
		9.614507,
		9.614507,
		9.614507,
		9.614507,
		9.614507,
		9.614507,
		9.614507]
,