{
"LMPs": {
	"b1":[
		9.614507,
		9.614507,
		9.614507,
		2500.0,
		2480.976822,
		10.60832,
		8.414858,
		9.614507,
		9.408671,
		9.408671,
		9.408671,
		9.408671,
		9.408671,
		9.408671,
		9.408671,
		9.408671,
		9.408671,
		9.408671,
		9.408671,
		9.802659,
		9.014683,
		9.408671,
		2500.0,
		4973.333189,
		2500.0,
		11.022192,
		9.408671,
		2480.976822,
		2500.0,
		9.408671,
		9.614507,
		9.614507,
		9.614507,
		9.408671,
		9.457625,
		9.408671,
		9.614507,
		9.614507,
		9.457625,
		9.77139,
		9.614507,
		2479.963125,
		2500.0,
		2500.0,
		2479.628249,
		9.614507,
		9.614507,
		9.614507,
		9.614507,
		9.614507,
		2500.0,
		2479.963125,
		9.614507,
		9.614507,
		9.614507,
		9.614507,
		11.862367,
		12.479746,
		9.614507,
		2480.770985,
		2500.0,
		9.77139,
		9.457625,
		2479.963125,
		2500.0,
		10.185876,
		10.185876,
		2500.0,
		4970.170624,
		2500.0,
		10.185876,
		9.614507,
		10.185876,
		10.185876,
		9.614507,
		2473.990095,
		2500.0,
		9.614507,
		9.614507,
		9.614507,
		9.614507,
		12.06526,
		9.614507,
		12.636629,
		9.614507,
		9.614507,
		11.022192,
		10.185876,
		2500.0,
		2479.628249,
		9.614507,
		2500.0,
		2480.770985,
		2480.976822,
		2500.0,
		9.614507]
,

	"b2":[
		9.614507,
		9.614507,
		9.614507,
		2500.0,
		2480.976822,
		10.60832,
		8.414858,
		9.614507,
		9.408671,
		9.408671,
		9.408671,
		9.408671,
		9.408671,
		9.408671,
		9.408671,
		9.408671,
		9.408671,
		9.408671,
		9.408671,
		9.802659,
		9.014683,
		9.408671,
		2500.0,
		4973.333189,
		2500.0,
		11.022192,
		9.408671,
		2480.976822,
		2500.0,
		9.408671,
		9.614507,
		9.614507,
		9.614507,
		9.408671,
		9.457625,
		9.408671,
		9.614507,
		9.614507,
		9.457625,
		9.77139,
		9.614507,
		2479.963125,
		2500.0,
		2500.0,
		2479.628249,
		9.614507,
		9.614507,
		9.614507,
		9.614507,
		9.614507,
		2500.0,
		2479.963125,
		9.614507,
		9.614507,
		9.614507,
		9.614507,
		11.862367,
		12.479746,
		9.614507,
		2480.770985,
		2500.0,
		9.77139,
		9.457625,
		2479.963125,
		2500.0,
		10.185876,
		10.185876,
		2500.0,
		4970.170624,
		2500.0,
		10.185876,
		9.614507,
		10.185876,
		10.185876,
		9.614507,
		2473.990095,
		2500.0,
		9.614507,
		9.614507,
		9.614507,
		9.614507,
		12.06526,
		9.614507,
		12.636629,
		9.614507,
		9.614507,
		11.022192,
		10.185876,
		2500.0,
		2479.628249,
		9.614507,
		2500.0,
		2480.770985,
		2480.976822,
		2500.0,
		9.614507]
,

	"b3":[
		9.614507,
		9.614507,
		9.614507,
		2500.0,
		2480.976822,
		10.60832,
		8.414858,
		9.614507,
		9.408671,
		9.408671,
		9.408671,
		9.408671,
		9.408671,
		9.408671,
		9.408671,
		9.408671,
		9.408671,
		9.408671,
		9.408671,
		9.802659,
		9.014683,
		9.408671,
		2500.0,
		4973.333189,
		2500.0,
		11.022192,
		9.408671,
		2480.976822,
		2500.0,
		9.408671,
		9.614507,
		9.614507,
		9.614507,
		9.408671,
		9.457625,
		9.408671,
		9.614507,
		9.614507,
		9.457625,
		9.77139,
		9.614507,
		2479.963125,
		2500.0,
		2500.0,
		2479.628249,
		9.614507,
		9.614507,
		9.614507,
		9.614507,
		9.614507,
		2500.0,
		2479.963125,
		9.614507,
		9.614507,
		9.614507,
		9.614507,
		11.862367,
		12.479746,
		9.614507,
		2480.770985,
		2500.0,
		9.77139,
		9.457625,
		2479.963125,
		2500.0,
		10.185876,
		10.185876,
		2500.0,
		4970.170624,
		2500.0,
		10.185876,
		9.614507,
		10.185876,
		10.185876,
		9.614507,
		2473.990095,
		2500.0,
		9.614507,
		9.614507,
		9.614507,
		9.614507,
		12.06526,
		9.614507,
		12.636629,
		9.614507,
		9.614507,
		11.022192,
		10.185876,
		2500.0,
		2479.628249,
		9.614507,
		2500.0,
		2480.770985,
		2480.976822,
		2500.0,
		9.614507]
,

	"b4":[
		9.614507,
		9.614507,
		9.614507,
		2500.0,
		2480.976822,
		10.60832,
		8.414858,
		9.614507,
		9.408671,
		9.408671,
		9.408671,
		9.408671,
		9.408671,
		9.408671,
		9.408671,
		9.408671,
		9.408671,
		9.408671,
		9.408671,
		9.802659,
		9.014683,
		9.408671,
		2500.0,
		4973.333189,
		2500.0,
		11.022192,
		9.408671,
		2480.976822,
		2500.0,
		9.408671,
		9.614507,
		9.614507,
		9.614507,
		9.408671,
		9.457625,
		9.408671,
		9.614507,
		9.614507,
		9.457625,
		9.77139,
		9.614507,
		2479.963125,
		2500.0,
		2500.0,
		2479.628249,
		9.614507,
		9.614507,
		9.614507,
		9.614507,
		9.614507,
		2500.0,
		2479.963125,
		9.614507,
		9.614507,
		9.614507,
		9.614507,
		11.862367,
		12.479746,
		9.614507,
		2480.770985,
		2500.0,
		9.77139,
		9.457625,
		2479.963125,
		2500.0,
		10.185876,
		10.185876,
		2500.0,
		4970.170624,
		2500.0,
		10.185876,
		9.614507,
		10.185876,
		10.185876,
		9.614507,
		2473.990095,
		2500.0,
		9.614507,
		9.614507,
		9.614507,
		9.614507,
		12.06526,
		9.614507,
		12.636629,
		9.614507,
		9.614507,
		11.022192,
		10.185876,
		2500.0,
		2479.628249,
		9.614507,
		2500.0,
		2480.770985,
		2480.976822,
		2500.0,
		9.614507]
,

	"b5":[
		9.614507,
		9.614507,
		9.614507,
		2500.0,
		2480.976822,
		10.60832,
		8.414858,
		9.614507,
		9.408671,
		9.408671,
		9.408671,
		9.408671,
		9.408671,
		9.408671,
		9.408671,
		9.408671,
		9.408671,
		9.408671,
		9.408671,
		9.802659,
		9.014683,
		9.408671,
		2500.0,
		4973.333189,
		2500.0,
		11.022192,
		9.408671,
		2480.976822,
		2500.0,
		9.408671,
		9.614507,
		9.614507,
		9.614507,
		9.408671,
		9.457625,
		9.408671,
		9.614507,
		9.614507,
		9.457625,
		9.77139,
		9.614507,
		2479.963125,
		2500.0,
		2500.0,
		2479.628249,
		9.614507,
		9.614507,
		9.614507,
		9.614507,
		9.614507,
		2500.0,
		2479.963125,
		9.614507,
		9.614507,
		9.614507,
		9.614507,
		11.862367,
		12.479746,
		9.614507,
		2480.770985,
		2500.0,
		9.77139,
		9.457625,
		2479.963125,
		2500.0,
		10.185876,
		10.185876,
		2500.0,
		4970.170624,
		2500.0,
		10.185876,
		9.614507,
		10.185876,
		10.185876,
		9.614507,
		2473.990095,
		2500.0,
		9.614507,
		9.614507,
		9.614507,
		9.614507,
		12.06526,
		9.614507,
		12.636629,
		9.614507,
		9.614507,
		11.022192,
		10.185876,
		2500.0,
		2479.628249,
		9.614507,
		2500.0,
		2480.770985,
		2480.976822,
		2500.0,
		9.614507]
,

	"b6":[
		9.614507,
		9.614507,
		9.614507,
		2500.0,
		2480.976822,
		10.60832,
		8.414858,
		9.614507,
		9.408671,
		9.408671,
		9.408671,
		9.408671,
		9.408671,
		9.408671,
		9.408671,
		9.408671,
		9.408671,
		9.408671,
		9.408671,
		9.802659,
		9.014683,
		9.408671,
		2500.0,
		4973.333189,
		2500.0,
		11.022192,
		9.408671,
		2480.976822,
		2500.0,
		9.408671,
		9.614507,
		9.614507,
		9.614507,
		9.408671,
		9.457625,
		9.408671,
		9.614507,
		9.614507,
		9.457625,
		9.77139,
		9.614507,
		2479.963125,
		2500.0,
		2500.0,
		2479.628249,
		9.614507,
		9.614507,
		9.614507,
		9.614507,
		9.614507,
		2500.0,
		2479.963125,
		9.614507,
		9.614507,
		9.614507,
		9.614507,
		11.862367,
		12.479746,
		9.614507,
		2480.770985,
		2500.0,
		9.77139,
		9.457625,
		2479.963125,
		2500.0,
		10.185876,
		10.185876,
		2500.0,
		4970.170624,
		2500.0,
		10.185876,
		9.614507,
		10.185876,
		10.185876,
		9.614507,
		2473.990095,
		2500.0,
		9.614507,
		9.614507,
		9.614507,
		9.614507,
		12.06526,
		9.614507,
		12.636629,
		9.614507,
		9.614507,
		11.022192,
		10.185876,
		2500.0,
		2479.628249,
		9.614507,
		2500.0,
		2480.770985,
		2480.976822,
		2500.0,
		9.614507]
,