{
"LMPs": {
	"b1":[
		9.614507,
		9.614507,
		2480.582833,
		2500.0,
		9.014683,
		9.614507,
		2500.0,
		2481.334175,
		9.408671,
		9.408671,
		9.014683,
		10.402484,
		9.014683,
		9.408671,
		9.408671,
		2480.78867,
		2500.0,
		9.014683,
		2500.0,
		2481.182658,
		9.408671,
		9.408671,
		9.408671,
		9.408671,
		9.014683,
		10.008496,
		9.408671,
		9.408671,
		9.614507,
		9.614507,
		9.614507,
		9.614507,
		9.614507,
		9.408671,
		9.408671,
		9.614507,
		9.879319,
		2500.0,
		4971.627126,
		2500.0,
		9.614507,
		9.614507,
		9.614507,
		9.614507,
		9.614507,
		9.614507,
		9.614507,
		2479.963125,
		2500.0,
		2500.0,
		2479.628249,
		2500.0,
		2480.3565,
		9.300742,
		9.614507,
		9.614507,
		2479.283869,
		2500.0,
		10.185876,
		11.862367,
		9.614507,
		9.614507,
		2480.3565,
		2500.0,
		9.614507,
		9.614507,
		2480.3565,
		2500.0,
		2500.0,
		4970.170624,
		2500.0,
		9.614507,
		10.185876,
		2481.54819,
		2500.0,
		18.975423,
		9.614507,
		9.614507,
		10.185876,
		9.614507,
		2500.0,
		2480.3565,
		9.614507,
		9.614507,
		9.614507,
		9.614507,
		13.207997,
		9.614507,
		9.614507,
		2500.0,
		2500.0,
		4969.599255,
		10.234829,
		9.408671,
		9.457625,
		9.614507]
,

	"b2":[
		9.614507,
		9.614507,
		2480.582833,
		2500.0,
		9.014683,
		9.614507,
		2500.0,
		2481.334175,
		9.408671,
		9.408671,
		9.014683,
		10.402484,
		9.014683,
		9.408671,
		9.408671,
		2480.78867,
		2500.0,
		9.014683,
		2500.0,
		2481.182658,
		9.408671,
		9.408671,
		9.408671,
		9.408671,
		9.014683,
		10.008496,
		9.408671,
		9.408671,
		9.614507,
		9.614507,
		9.614507,
		9.614507,
		9.614507,
		9.408671,
		9.408671,
		9.614507,
		9.879319,
		2500.0,
		4971.627126,
		2500.0,
		9.614507,
		9.614507,
		9.614507,
		9.614507,
		9.614507,
		9.614507,
		9.614507,
		2479.963125,
		2500.0,
		2500.0,
		2479.628249,
		2500.0,
		2480.3565,
		9.300742,
		9.614507,
		9.614507,
		2479.283869,
		2500.0,
		10.185876,
		11.862367,
		9.614507,
		9.614507,
		2480.3565,
		2500.0,
		9.614507,
		9.614507,
		2480.3565,
		2500.0,
		2500.0,
		4970.170624,
		2500.0,
		9.614507,
		10.185876,
		2481.54819,
		2500.0,
		18.975423,
		9.614507,
		9.614507,
		10.185876,
		9.614507,
		2500.0,
		2480.3565,
		9.614507,
		9.614507,
		9.614507,
		9.614507,
		13.207997,
		9.614507,
		9.614507,
		2500.0,
		2500.0,
		4969.599255,
		10.234829,
		9.408671,
		9.457625,
		9.614507]
,

	"b3":[
		9.614507,
		9.614507,
		2480.582833,
		2500.0,
		9.014683,
		9.614507,
		2500.0,
		2481.334175,
		9.408671,
		9.408671,
		9.014683,
		10.402484,
		9.014683,
		9.408671,
		9.408671,
		2480.78867,
		2500.0,
		9.014683,
		2500.0,
		2481.182658,
		9.408671,
		9.408671,
		9.408671,
		9.408671,
		9.014683,
		10.008496,
		9.408671,
		9.408671,
		9.614507,
		9.614507,
		9.614507,
		9.614507,
		9.614507,
		9.408671,
		9.408671,
		9.614507,
		9.879319,
		2500.0,
		4971.627126,
		2500.0,
		9.614507,
		9.614507,
		9.614507,
		9.614507,
		9.614507,
		9.614507,
		9.614507,
		2479.963125,
		2500.0,
		2500.0,
		2479.628249,
		2500.0,
		2480.3565,
		9.300742,
		9.614507,
		9.614507,
		2479.283869,
		2500.0,
		10.185876,
		11.862367,
		9.614507,
		9.614507,
		2480.3565,
		2500.0,
		9.614507,
		9.614507,
		2480.3565,
		2500.0,
		2500.0,
		4970.170624,
		2500.0,
		9.614507,
		10.185876,
		2481.54819,
		2500.0,
		18.975423,
		9.614507,
		9.614507,
		10.185876,
		9.614507,
		2500.0,
		2480.3565,
		9.614507,
		9.614507,
		9.614507,
		9.614507,
		13.207997,
		9.614507,
		9.614507,
		2500.0,
		2500.0,
		4969.599255,
		10.234829,
		9.408671,
		9.457625,
		9.614507]
,

	"b4":[
		9.614507,
		9.614507,
		2480.582833,
		2500.0,
		9.014683,
		9.614507,
		2500.0,
		2481.334175,
		9.408671,
		9.408671,
		9.014683,
		10.402484,
		9.014683,
		9.408671,
		9.408671,
		2480.78867,
		2500.0,
		9.014683,
		2500.0,
		2481.182658,
		9.408671,
		9.408671,
		9.408671,
		9.408671,
		9.014683,
		10.008496,
		9.408671,
		9.408671,
		9.614507,
		9.614507,
		9.614507,
		9.614507,
		9.614507,
		9.408671,
		9.408671,
		9.614507,
		9.879319,
		2500.0,
		4971.627126,
		2500.0,
		9.614507,
		9.614507,
		9.614507,
		9.614507,
		9.614507,
		9.614507,
		9.614507,
		2479.963125,
		2500.0,
		2500.0,
		2479.628249,
		2500.0,
		2480.3565,
		9.300742,
		9.614507,
		9.614507,
		2479.283869,
		2500.0,
		10.185876,
		11.862367,
		9.614507,
		9.614507,
		2480.3565,
		2500.0,
		9.614507,
		9.614507,
		2480.3565,
		2500.0,
		2500.0,
		4970.170624,
		2500.0,
		9.614507,
		10.185876,
		2481.54819,
		2500.0,
		18.975423,
		9.614507,
		9.614507,
		10.185876,
		9.614507,
		2500.0,
		2480.3565,
		9.614507,
		9.614507,
		9.614507,
		9.614507,
		13.207997,
		9.614507,
		9.614507,
		2500.0,
		2500.0,
		4969.599255,
		10.234829,
		9.408671,
		9.457625,
		9.614507]
,

	"b5":[
		9.614507,
		9.614507,
		2480.582833,
		2500.0,
		9.014683,
		9.614507,
		2500.0,
		2481.334175,
		9.408671,
		9.408671,
		9.014683,
		10.402484,
		9.014683,
		9.408671,
		9.408671,
		2480.78867,
		2500.0,
		9.014683,
		2500.0,
		2481.182658,
		9.408671,
		9.408671,
		9.408671,
		9.408671,
		9.014683,
		10.008496,
		9.408671,
		9.408671,
		9.614507,
		9.614507,
		9.614507,
		9.614507,
		9.614507,
		9.408671,
		9.408671,
		9.614507,
		9.879319,
		2500.0,
		4971.627126,
		2500.0,
		9.614507,
		9.614507,
		9.614507,
		9.614507,
		9.614507,
		9.614507,
		9.614507,
		2479.963125,
		2500.0,
		2500.0,
		2479.628249,
		2500.0,
		2480.3565,
		9.300742,
		9.614507,
		9.614507,
		2479.283869,
		2500.0,
		10.185876,
		11.862367,
		9.614507,
		9.614507,
		2480.3565,
		2500.0,
		9.614507,
		9.614507,
		2480.3565,
		2500.0,
		2500.0,
		4970.170624,
		2500.0,
		9.614507,
		10.185876,
		2481.54819,
		2500.0,
		18.975423,
		9.614507,
		9.614507,
		10.185876,
		9.614507,
		2500.0,
		2480.3565,
		9.614507,
		9.614507,
		9.614507,
		9.614507,
		13.207997,
		9.614507,
		9.614507,
		2500.0,
		2500.0,
		4969.599255,
		10.234829,
		9.408671,
		9.457625,
		9.614507]
,

	"b6":[
		9.614507,
		9.614507,
		2480.582833,
		2500.0,
		9.014683,
		9.614507,
		2500.0,
		2481.334175,
		9.408671,
		9.408671,
		9.014683,
		10.402484,
		9.014683,
		9.408671,
		9.408671,
		2480.78867,
		2500.0,
		9.014683,
		2500.0,
		2481.182658,
		9.408671,
		9.408671,
		9.408671,
		9.408671,
		9.014683,
		10.008496,
		9.408671,
		9.408671,
		9.614507,
		9.614507,
		9.614507,
		9.614507,
		9.614507,
		9.408671,
		9.408671,
		9.614507,
		9.879319,
		2500.0,
		4971.627126,
		2500.0,
		9.614507,
		9.614507,
		9.614507,
		9.614507,
		9.614507,
		9.614507,
		9.614507,
		2479.963125,
		2500.0,
		2500.0,
		2479.628249,
		2500.0,
		2480.3565,
		9.300742,
		9.614507,
		9.614507,
		2479.283869,
		2500.0,
		10.185876,
		11.862367,
		9.614507,
		9.614507,
		2480.3565,
		2500.0,
		9.614507,
		9.614507,
		2480.3565,
		2500.0,
		2500.0,
		4970.170624,
		2500.0,
		9.614507,
		10.185876,
		2481.54819,
		2500.0,
		18.975423,
		9.614507,
		9.614507,
		10.185876,
		9.614507,
		2500.0,
		2480.3565,
		9.614507,
		9.614507,
		9.614507,
		9.614507,
		13.207997,
		9.614507,
		9.614507,
		2500.0,
		2500.0,
		4969.599255,
		10.234829,
		9.408671,
		9.457625,
		9.614507]
,