{
"LMPs": {
	"b1":[
		9.408671,
		9.408671,
		2500.0,
		2480.976822,
		2481.182658,
		2500.0,
		9.408671,
		9.614507,
		9.408671,
		9.408671,
		9.614507,
		9.408671,
		9.408671,
		9.408671,
		2481.182658,
		2500.0,
		9.408671,
		9.408671,
		9.408671,
		2481.182658,
		2500.0,
		9.408671,
		9.408671,
		9.408671,
		9.257154,
		2481.182658,
		2500.0,
		10.008496,
		9.014683,
		9.408671,
		9.408671,
		9.722436,
		9.300742,
		9.614507,
		9.457625,
		9.457625,
		9.614507,
		9.614507,
		9.614507,
		9.614507,
		9.614507,
		9.614507,
		9.614507,
		9.614507,
		2500.0,
		4970.170624,
		2500.0,
		4972.554005,
		2500.0,
		2500.0,
		17.064673,
		9.614507,
		10.757244,
		9.614507,
		9.614507,
		10.757244,
		9.614507,
		12.06526,
		9.614507,
		15.647796,
		11.022192,
		11.493892,
		10.550493,
		9.614507,
		2500.0,
		2472.771259,
		9.614507,
		8.853763,
		10.375251,
		10.185876,
		11.862367,
		9.614507,
		10.185876,
		9.614507,
		9.614507,
		9.614507,
		9.457625,
		9.614507,
		9.614507,
		2500.0,
		7449.239252,
		2500.0,
		2500.0,
		2500.0,
		4971.362314,
		2500.0,
		2500.0,
		4971.156478,
		2500.0,
		2500.0,
		2480.976822,
		9.614507,
		10.185876,
		2480.3565,
		2500.0,
		9.614507]
,

	"b2":[
		9.408671,
		9.408671,
		2500.0,
		2480.976822,
		2481.182658,
		2500.0,
		9.408671,
		9.614507,
		9.408671,
		9.408671,
		9.614507,
		9.408671,
		9.408671,
		9.408671,
		2481.182658,
		2500.0,
		9.408671,
		9.408671,
		9.408671,
		2481.182658,
		2500.0,
		9.408671,
		9.408671,
		9.408671,
		9.257154,
		2481.182658,
		2500.0,
		10.008496,
		9.014683,
		9.408671,
		9.408671,
		9.722436,
		9.300742,
		9.614507,
		9.457625,
		9.457625,
		9.614507,
		9.614507,
		9.614507,
		9.614507,
		9.614507,
		9.614507,
		9.614507,
		9.614507,
		2500.0,
		4970.170624,
		2500.0,
		4972.554005,
		2500.0,
		2500.0,
		17.064673,
		9.614507,
		10.757244,
		9.614507,
		9.614507,
		10.757244,
		9.614507,
		12.06526,
		9.614507,
		15.647796,
		11.022192,
		11.493892,
		10.550493,
		9.614507,
		2500.0,
		2472.771259,
		9.614507,
		8.853763,
		10.375251,
		10.185876,
		11.862367,
		9.614507,
		10.185876,
		9.614507,
		9.614507,
		9.614507,
		9.457625,
		9.614507,
		9.614507,
		2500.0,
		7449.239252,
		2500.0,
		2500.0,
		2500.0,
		4971.362314,
		2500.0,
		2500.0,
		4971.156478,
		2500.0,
		2500.0,
		2480.976822,
		9.614507,
		10.185876,
		2480.3565,
		2500.0,
		9.614507]
,

	"b3":[
		9.408671,
		9.408671,
		2500.0,
		2480.976822,
		2481.182658,
		2500.0,
		9.408671,
		9.614507,
		9.408671,
		9.408671,
		9.614507,
		9.408671,
		9.408671,
		9.408671,
		2481.182658,
		2500.0,
		9.408671,
		9.408671,
		9.408671,
		2481.182658,
		2500.0,
		9.408671,
		9.408671,
		9.408671,
		9.257154,
		2481.182658,
		2500.0,
		10.008496,
		9.014683,
		9.408671,
		9.408671,
		9.722436,
		9.300742,
		9.614507,
		9.457625,
		9.457625,
		9.614507,
		9.614507,
		9.614507,
		9.614507,
		9.614507,
		9.614507,
		9.614507,
		9.614507,
		2500.0,
		4970.170624,
		2500.0,
		4972.554005,
		2500.0,
		2500.0,
		17.064673,
		9.614507,
		10.757244,
		9.614507,
		9.614507,
		10.757244,
		9.614507,
		12.06526,
		9.614507,
		15.647796,
		11.022192,
		11.493892,
		10.550493,
		9.614507,
		2500.0,
		2472.771259,
		9.614507,
		8.853763,
		10.375251,
		10.185876,
		11.862367,
		9.614507,
		10.185876,
		9.614507,
		9.614507,
		9.614507,
		9.457625,
		9.614507,
		9.614507,
		2500.0,
		7449.239252,
		2500.0,
		2500.0,
		2500.0,
		4971.362314,
		2500.0,
		2500.0,
		4971.156478,
		2500.0,
		2500.0,
		2480.976822,
		9.614507,
		10.185876,
		2480.3565,
		2500.0,
		9.614507]
,

	"b4":[
		9.408671,
		9.408671,
		2500.0,
		2480.976822,
		2481.182658,
		2500.0,
		9.408671,
		9.614507,
		9.408671,
		9.408671,
		9.614507,
		9.408671,
		9.408671,
		9.408671,
		2481.182658,
		2500.0,
		9.408671,
		9.408671,
		9.408671,
		2481.182658,
		2500.0,
		9.408671,
		9.408671,
		9.408671,
		9.257154,
		2481.182658,
		2500.0,
		10.008496,
		9.014683,
		9.408671,
		9.408671,
		9.722436,
		9.300742,
		9.614507,
		9.457625,
		9.457625,
		9.614507,
		9.614507,
		9.614507,
		9.614507,
		9.614507,
		9.614507,
		9.614507,
		9.614507,
		2500.0,
		4970.170624,
		2500.0,
		4972.554005,
		2500.0,
		2500.0,
		17.064673,
		9.614507,
		10.757244,
		9.614507,
		9.614507,
		10.757244,
		9.614507,
		12.06526,
		9.614507,
		15.647796,
		11.022192,
		11.493892,
		10.550493,
		9.614507,
		2500.0,
		2472.771259,
		9.614507,
		8.853763,
		10.375251,
		10.185876,
		11.862367,
		9.614507,
		10.185876,
		9.614507,
		9.614507,
		9.614507,
		9.457625,
		9.614507,
		9.614507,
		2500.0,
		7449.239252,
		2500.0,
		2500.0,
		2500.0,
		4971.362314,
		2500.0,
		2500.0,
		4971.156478,
		2500.0,
		2500.0,
		2480.976822,
		9.614507,
		10.185876,
		2480.3565,
		2500.0,
		9.614507]
,

	"b5":[
		9.408671,
		9.408671,
		2500.0,
		2480.976822,
		2481.182658,
		2500.0,
		9.408671,
		9.614507,
		9.408671,
		9.408671,
		9.614507,
		9.408671,
		9.408671,
		9.408671,
		2481.182658,
		2500.0,
		9.408671,
		9.408671,
		9.408671,
		2481.182658,
		2500.0,
		9.408671,
		9.408671,
		9.408671,
		9.257154,
		2481.182658,
		2500.0,
		10.008496,
		9.014683,
		9.408671,
		9.408671,
		9.722436,
		9.300742,
		9.614507,
		9.457625,
		9.457625,
		9.614507,
		9.614507,
		9.614507,
		9.614507,
		9.614507,
		9.614507,
		9.614507,
		9.614507,
		2500.0,
		4970.170624,
		2500.0,
		4972.554005,
		2500.0,
		2500.0,
		17.064673,
		9.614507,
		10.757244,
		9.614507,
		9.614507,
		10.757244,
		9.614507,
		12.06526,
		9.614507,
		15.647796,
		11.022192,
		11.493892,
		10.550493,
		9.614507,
		2500.0,
		2472.771259,
		9.614507,
		8.853763,
		10.375251,
		10.185876,
		11.862367,
		9.614507,
		10.185876,
		9.614507,
		9.614507,
		9.614507,
		9.457625,
		9.614507,
		9.614507,
		2500.0,
		7449.239252,
		2500.0,
		2500.0,
		2500.0,
		4971.362314,
		2500.0,
		2500.0,
		4971.156478,
		2500.0,
		2500.0,
		2480.976822,
		9.614507,
		10.185876,
		2480.3565,
		2500.0,
		9.614507]
,

	"b6":[
		9.408671,
		9.408671,
		2500.0,
		2480.976822,
		2481.182658,
		2500.0,
		9.408671,
		9.614507,
		9.408671,
		9.408671,
		9.614507,
		9.408671,
		9.408671,
		9.408671,
		2481.182658,
		2500.0,
		9.408671,
		9.408671,
		9.408671,
		2481.182658,
		2500.0,
		9.408671,
		9.408671,
		9.408671,
		9.257154,
		2481.182658,
		2500.0,
		10.008496,
		9.014683,
		9.408671,
		9.408671,
		9.722436,
		9.300742,
		9.614507,
		9.457625,
		9.457625,
		9.614507,
		9.614507,
		9.614507,
		9.614507,
		9.614507,
		9.614507,
		9.614507,
		9.614507,
		2500.0,
		4970.170624,
		2500.0,
		4972.554005,
		2500.0,
		2500.0,
		17.064673,
		9.614507,
		10.757244,
		9.614507,
		9.614507,
		10.757244,
		9.614507,
		12.06526,
		9.614507,
		15.647796,
		11.022192,
		11.493892,
		10.550493,
		9.614507,
		2500.0,
		2472.771259,
		9.614507,
		8.853763,
		10.375251,
		10.185876,
		11.862367,
		9.614507,
		10.185876,
		9.614507,
		9.614507,
		9.614507,
		9.457625,
		9.614507,
		9.614507,
		2500.0,
		7449.239252,
		2500.0,
		2500.0,
		2500.0,
		4971.362314,
		2500.0,
		2500.0,
		4971.156478,
		2500.0,
		2500.0,
		2480.976822,
		9.614507,
		10.185876,
		2480.3565,
		2500.0,
		9.614507]
,