{
"LMPs": {
	"b1":[
		9.614507,
		2480.976822,
		2500.0,
		2500.0,
		4970.968326,
		2500.0,
		9.014683,
		9.408671,
		9.408671,
		9.408671,
		9.408671,
		9.408671,
		2500.0,
		4971.925504,
		2500.0,
		9.408671,
		9.408671,
		9.408671,
		9.408671,
		2481.182658,
		2500.0,
		9.408671,
		9.408671,
		2500.0,
		2481.182658,
		9.408671,
		9.408671,
		9.408671,
		9.614507,
		9.614507,
		10.008496,
		9.014683,
		9.614507,
		9.614507,
		9.614507,
		9.408671,
		10.008496,
		9.014683,
		9.457625,
		2480.976822,
		2500.0,
		9.614507,
		9.614507,
		9.614507,
		10.185876,
		2500.0,
		4971.933683,
		2500.0,
		9.614507,
		9.614507,
		11.022192,
		2500.0,
		4971.156478,
		2500.0,
		10.906782,
		10.185876,
		9.614507,
		13.413833,
		9.614507,
		9.408671,
		9.614507,
		2500.0,
		4971.362314,
		2500.0,
		9.014683,
		10.214332,
		2500.0,
		2477.905747,
		10.185876,
		10.757244,
		9.614507,
		2479.963125,
		2500.0,
		9.614507,
		2500.0,
		2477.748864,
		2477.748864,
		2500.0,
		9.614507,
		9.614507,
		9.614507,
		9.614507,
		13.207997,
		9.614507,
		9.614507,
		11.022192,
		10.185876,
		9.614507,
		9.614507,
		9.457625,
		9.614507,
		10.185876,
		9.457625,
		9.614507,
		9.614507,
		9.614507]
,

	"b2":[
		9.614507,
		2480.976822,
		2500.0,
		2500.0,
		4970.968326,
		2500.0,
		9.014683,
		9.408671,
		9.408671,
		9.408671,
		9.408671,
		9.408671,
		2500.0,
		4971.925504,
		2500.0,
		9.408671,
		9.408671,
		9.408671,
		9.408671,
		2481.182658,
		2500.0,
		9.408671,
		9.408671,
		2500.0,
		2481.182658,
		9.408671,
		9.408671,
		9.408671,
		9.614507,
		9.614507,
		10.008496,
		9.014683,
		9.614507,
		9.614507,
		9.614507,
		9.408671,
		10.008496,
		9.014683,
		9.457625,
		2480.976822,
		2500.0,
		9.614507,
		9.614507,
		9.614507,
		10.185876,
		2500.0,
		4971.933683,
		2500.0,
		9.614507,
		9.614507,
		11.022192,
		2500.0,
		4971.156478,
		2500.0,
		10.906782,
		10.185876,
		9.614507,
		13.413833,
		9.614507,
		9.408671,
		9.614507,
		2500.0,
		4971.362314,
		2500.0,
		9.014683,
		10.214332,
		2500.0,
		2477.905747,
		10.185876,
		10.757244,
		9.614507,
		2479.963125,
		2500.0,
		9.614507,
		2500.0,
		2477.748864,
		2477.748864,
		2500.0,
		9.614507,
		9.614507,
		9.614507,
		9.614507,
		13.207997,
		9.614507,
		9.614507,
		11.022192,
		10.185876,
		9.614507,
		9.614507,
		9.457625,
		9.614507,
		10.185876,
		9.457625,
		9.614507,
		9.614507,
		9.614507]
,

	"b3":[
		9.614507,
		2480.976822,
		2500.0,
		2500.0,
		4970.968326,
		2500.0,
		9.014683,
		9.408671,
		9.408671,
		9.408671,
		9.408671,
		9.408671,
		2500.0,
		4971.925504,
		2500.0,
		9.408671,
		9.408671,
		9.408671,
		9.408671,
		2481.182658,
		2500.0,
		9.408671,
		9.408671,
		2500.0,
		2481.182658,
		9.408671,
		9.408671,
		9.408671,
		9.614507,
		9.614507,
		10.008496,
		9.014683,
		9.614507,
		9.614507,
		9.614507,
		9.408671,
		10.008496,
		9.014683,
		9.457625,
		2480.976822,
		2500.0,
		9.614507,
		9.614507,
		9.614507,
		10.185876,
		2500.0,
		4971.933683,
		2500.0,
		9.614507,
		9.614507,
		11.022192,
		2500.0,
		4971.156478,
		2500.0,
		10.906782,
		10.185876,
		9.614507,
		13.413833,
		9.614507,
		9.408671,
		9.614507,
		2500.0,
		4971.362314,
		2500.0,
		9.014683,
		10.214332,
		2500.0,
		2477.905747,
		10.185876,
		10.757244,
		9.614507,
		2479.963125,
		2500.0,
		9.614507,
		2500.0,
		2477.748864,
		2477.748864,
		2500.0,
		9.614507,
		9.614507,
		9.614507,
		9.614507,
		13.207997,
		9.614507,
		9.614507,
		11.022192,
		10.185876,
		9.614507,
		9.614507,
		9.457625,
		9.614507,
		10.185876,
		9.457625,
		9.614507,
		9.614507,
		9.614507]
,

	"b4":[
		9.614507,
		2480.976822,
		2500.0,
		2500.0,
		4970.968326,
		2500.0,
		9.014683,
		9.408671,
		9.408671,
		9.408671,
		9.408671,
		9.408671,
		2500.0,
		4971.925504,
		2500.0,
		9.408671,
		9.408671,
		9.408671,
		9.408671,
		2481.182658,
		2500.0,
		9.408671,
		9.408671,
		2500.0,
		2481.182658,
		9.408671,
		9.408671,
		9.408671,
		9.614507,
		9.614507,
		10.008496,
		9.014683,
		9.614507,
		9.614507,
		9.614507,
		9.408671,
		10.008496,
		9.014683,
		9.457625,
		2480.976822,
		2500.0,
		9.614507,
		9.614507,
		9.614507,
		10.185876,
		2500.0,
		4971.933683,
		2500.0,
		9.614507,
		9.614507,
		11.022192,
		2500.0,
		4971.156478,
		2500.0,
		10.906782,
		10.185876,
		9.614507,
		13.413833,
		9.614507,
		9.408671,
		9.614507,
		2500.0,
		4971.362314,
		2500.0,
		9.014683,
		10.214332,
		2500.0,
		2477.905747,
		10.185876,
		10.757244,
		9.614507,
		2479.963125,
		2500.0,
		9.614507,
		2500.0,
		2477.748864,
		2477.748864,
		2500.0,
		9.614507,
		9.614507,
		9.614507,
		9.614507,
		13.207997,
		9.614507,
		9.614507,
		11.022192,
		10.185876,
		9.614507,
		9.614507,
		9.457625,
		9.614507,
		10.185876,
		9.457625,
		9.614507,
		9.614507,
		9.614507]
,

	"b5":[
		9.614507,
		2480.976822,
		2500.0,
		2500.0,
		4970.968326,
		2500.0,
		9.014683,
		9.408671,
		9.408671,
		9.408671,
		9.408671,
		9.408671,
		2500.0,
		4971.925504,
		2500.0,
		9.408671,
		9.408671,
		9.408671,
		9.408671,
		2481.182658,
		2500.0,
		9.408671,
		9.408671,
		2500.0,
		2481.182658,
		9.408671,
		9.408671,
		9.408671,
		9.614507,
		9.614507,
		10.008496,
		9.014683,
		9.614507,
		9.614507,
		9.614507,
		9.408671,
		10.008496,
		9.014683,
		9.457625,
		2480.976822,
		2500.0,
		9.614507,
		9.614507,
		9.614507,
		10.185876,
		2500.0,
		4971.933683,
		2500.0,
		9.614507,
		9.614507,
		11.022192,
		2500.0,
		4971.156478,
		2500.0,
		10.906782,
		10.185876,
		9.614507,
		13.413833,
		9.614507,
		9.408671,
		9.614507,
		2500.0,
		4971.362314,
		2500.0,
		9.014683,
		10.214332,
		2500.0,
		2477.905747,
		10.185876,
		10.757244,
		9.614507,
		2479.963125,
		2500.0,
		9.614507,
		2500.0,
		2477.748864,
		2477.748864,
		2500.0,
		9.614507,
		9.614507,
		9.614507,
		9.614507,
		13.207997,
		9.614507,
		9.614507,
		11.022192,
		10.185876,
		9.614507,
		9.614507,
		9.457625,
		9.614507,
		10.185876,
		9.457625,
		9.614507,
		9.614507,
		9.614507]
,

	"b6":[
		9.614507,
		2480.976822,
		2500.0,
		2500.0,
		4970.968326,
		2500.0,
		9.014683,
		9.408671,
		9.408671,
		9.408671,
		9.408671,
		9.408671,
		2500.0,
		4971.925504,
		2500.0,
		9.408671,
		9.408671,
		9.408671,
		9.408671,
		2481.182658,
		2500.0,
		9.408671,
		9.408671,
		2500.0,
		2481.182658,
		9.408671,
		9.408671,
		9.408671,
		9.614507,
		9.614507,
		10.008496,
		9.014683,
		9.614507,
		9.614507,
		9.614507,
		9.408671,
		10.008496,
		9.014683,
		9.457625,
		2480.976822,
		2500.0,
		9.614507,
		9.614507,
		9.614507,
		10.185876,
		2500.0,
		4971.933683,
		2500.0,
		9.614507,
		9.614507,
		11.022192,
		2500.0,
		4971.156478,
		2500.0,
		10.906782,
		10.185876,
		9.614507,
		13.413833,
		9.614507,
		9.408671,
		9.614507,
		2500.0,
		4971.362314,
		2500.0,
		9.014683,
		10.214332,
		2500.0,
		2477.905747,
		10.185876,
		10.757244,
		9.614507,
		2479.963125,
		2500.0,
		9.614507,
		2500.0,
		2477.748864,
		2477.748864,
		2500.0,
		9.614507,
		9.614507,
		9.614507,
		9.614507,
		13.207997,
		9.614507,
		9.614507,
		11.022192,
		10.185876,
		9.614507,
		9.614507,
		9.457625,
		9.614507,
		10.185876,
		9.457625,
		9.614507,
		9.614507,
		9.614507]
,