{
"LMPs": {
	"b1":[
		2500.0,
		2480.976822,
		9.408671,
		9.408671,
		9.408671,
		9.408671,
		2500.0,
		4971.925504,
		2500.0,
		9.408671,
		2500.0,
		2480.976822,
		9.408671,
		2480.976822,
		2500.0,
		9.408671,
		9.408671,
		9.408671,
		2500.0,
		2480.976822,
		9.408671,
		9.408671,
		9.614507,
		9.614507,
		9.614507,
		9.614507,
		9.614507,
		2500.0,
		2480.976822,
		2480.976822,
		2500.0,
		9.614507,
		9.614507,
		2500.0,
		2480.976822,
		9.614507,
		9.457625,
		2480.3565,
		2500.0,
		9.614507,
		2500.0,
		2480.976822,
		2480.976822,
		2500.0,
		2471.361116,
		2500.0,
		9.614507,
		9.614507,
		9.614507,
		24.573019,
		2500.0,
		4971.156478,
		2500.0,
		9.614507,
		9.614507,
		9.614507,
		18.858301,
		2500.0,
		9.614507,
		2500.0,
		13.296712,
		2500.0,
		9.614507,
		13.296712,
		9.614507,
		2500.0,
		4958.153915,
		2500.0,
		9.614507,
		11.493892,
		9.614507,
		2500.0,
		2471.450627,
		9.614507,
		12.06526,
		9.614507,
		9.614507,
		9.614507,
		20.81425,
		9.614507,
		9.614507,
		2500.0,
		4966.826341,
		2500.0,
		2500.0,
		4971.156478,
		2500.0,
		13.207997,
		10.185876,
		12.636629,
		9.614507,
		9.614507,
		9.614507,
		9.614507,
		2480.976822,
		2500.0]
,

	"b2":[
		2500.0,
		2480.976822,
		9.408671,
		9.408671,
		9.408671,
		9.408671,
		2500.0,
		4971.925504,
		2500.0,
		9.408671,
		2500.0,
		2480.976822,
		9.408671,
		2480.976822,
		2500.0,
		9.408671,
		9.408671,
		9.408671,
		2500.0,
		2480.976822,
		9.408671,
		9.408671,
		9.614507,
		9.614507,
		9.614507,
		9.614507,
		9.614507,
		2500.0,
		2480.976822,
		2480.976822,
		2500.0,
		9.614507,
		9.614507,
		2500.0,
		2480.976822,
		9.614507,
		9.457625,
		2480.3565,
		2500.0,
		9.614507,
		2500.0,
		2480.976822,
		2480.976822,
		2500.0,
		2471.361116,
		2500.0,
		9.614507,
		9.614507,
		9.614507,
		24.573019,
		2500.0,
		4971.156478,
		2500.0,
		9.614507,
		9.614507,
		9.614507,
		18.858301,
		2500.0,
		9.614507,
		2500.0,
		13.296712,
		2500.0,
		9.614507,
		13.296712,
		9.614507,
		2500.0,
		4958.153915,
		2500.0,
		9.614507,
		11.493892,
		9.614507,
		2500.0,
		2471.450627,
		9.614507,
		12.06526,
		9.614507,
		9.614507,
		9.614507,
		20.81425,
		9.614507,
		9.614507,
		2500.0,
		4966.826341,
		2500.0,
		2500.0,
		4971.156478,
		2500.0,
		13.207997,
		10.185876,
		12.636629,
		9.614507,
		9.614507,
		9.614507,
		9.614507,
		2480.976822,
		2500.0]
,

	"b3":[
		2500.0,
		2480.976822,
		9.408671,
		9.408671,
		9.408671,
		9.408671,
		2500.0,
		4971.925504,
		2500.0,
		9.408671,
		2500.0,
		2480.976822,
		9.408671,
		2480.976822,
		2500.0,
		9.408671,
		9.408671,
		9.408671,
		2500.0,
		2480.976822,
		9.408671,
		9.408671,
		9.614507,
		9.614507,
		9.614507,
		9.614507,
		9.614507,
		2500.0,
		2480.976822,
		2480.976822,
		2500.0,
		9.614507,
		9.614507,
		2500.0,
		2480.976822,
		9.614507,
		9.457625,
		2480.3565,
		2500.0,
		9.614507,
		2500.0,
		2480.976822,
		2480.976822,
		2500.0,
		2471.361116,
		2500.0,
		9.614507,
		9.614507,
		9.614507,
		24.573019,
		2500.0,
		4971.156478,
		2500.0,
		9.614507,
		9.614507,
		9.614507,
		18.858301,
		2500.0,
		9.614507,
		2500.0,
		13.296712,
		2500.0,
		9.614507,
		13.296712,
		9.614507,
		2500.0,
		4958.153915,
		2500.0,
		9.614507,
		11.493892,
		9.614507,
		2500.0,
		2471.450627,
		9.614507,
		12.06526,
		9.614507,
		9.614507,
		9.614507,
		20.81425,
		9.614507,
		9.614507,
		2500.0,
		4966.826341,
		2500.0,
		2500.0,
		4971.156478,
		2500.0,
		13.207997,
		10.185876,
		12.636629,
		9.614507,
		9.614507,
		9.614507,
		9.614507,
		2480.976822,
		2500.0]
,

	"b4":[
		2500.0,
		2480.976822,
		9.408671,
		9.408671,
		9.408671,
		9.408671,
		2500.0,
		4971.925504,
		2500.0,
		9.408671,
		2500.0,
		2480.976822,
		9.408671,
		2480.976822,
		2500.0,
		9.408671,
		9.408671,
		9.408671,
		2500.0,
		2480.976822,
		9.408671,
		9.408671,
		9.614507,
		9.614507,
		9.614507,
		9.614507,
		9.614507,
		2500.0,
		2480.976822,
		2480.976822,
		2500.0,
		9.614507,
		9.614507,
		2500.0,
		2480.976822,
		9.614507,
		9.457625,
		2480.3565,
		2500.0,
		9.614507,
		2500.0,
		2480.976822,
		2480.976822,
		2500.0,
		2471.361116,
		2500.0,
		9.614507,
		9.614507,
		9.614507,
		24.573019,
		2500.0,
		4971.156478,
		2500.0,
		9.614507,
		9.614507,
		9.614507,
		18.858301,
		2500.0,
		9.614507,
		2500.0,
		13.296712,
		2500.0,
		9.614507,
		13.296712,
		9.614507,
		2500.0,
		4958.153915,
		2500.0,
		9.614507,
		11.493892,
		9.614507,
		2500.0,
		2471.450627,
		9.614507,
		12.06526,
		9.614507,
		9.614507,
		9.614507,
		20.81425,
		9.614507,
		9.614507,
		2500.0,
		4966.826341,
		2500.0,
		2500.0,
		4971.156478,
		2500.0,
		13.207997,
		10.185876,
		12.636629,
		9.614507,
		9.614507,
		9.614507,
		9.614507,
		2480.976822,
		2500.0]
,

	"b5":[
		2500.0,
		2480.976822,
		9.408671,
		9.408671,
		9.408671,
		9.408671,
		2500.0,
		4971.925504,
		2500.0,
		9.408671,
		2500.0,
		2480.976822,
		9.408671,
		2480.976822,
		2500.0,
		9.408671,
		9.408671,
		9.408671,
		2500.0,
		2480.976822,
		9.408671,
		9.408671,
		9.614507,
		9.614507,
		9.614507,
		9.614507,
		9.614507,
		2500.0,
		2480.976822,
		2480.976822,
		2500.0,
		9.614507,
		9.614507,
		2500.0,
		2480.976822,
		9.614507,
		9.457625,
		2480.3565,
		2500.0,
		9.614507,
		2500.0,
		2480.976822,
		2480.976822,
		2500.0,
		2471.361116,
		2500.0,
		9.614507,
		9.614507,
		9.614507,
		24.573019,
		2500.0,
		4971.156478,
		2500.0,
		9.614507,
		9.614507,
		9.614507,
		18.858301,
		2500.0,
		9.614507,
		2500.0,
		13.296712,
		2500.0,
		9.614507,
		13.296712,
		9.614507,
		2500.0,
		4958.153915,
		2500.0,
		9.614507,
		11.493892,
		9.614507,
		2500.0,
		2471.450627,
		9.614507,
		12.06526,
		9.614507,
		9.614507,
		9.614507,
		20.81425,
		9.614507,
		9.614507,
		2500.0,
		4966.826341,
		2500.0,
		2500.0,
		4971.156478,
		2500.0,
		13.207997,
		10.185876,
		12.636629,
		9.614507,
		9.614507,
		9.614507,
		9.614507,
		2480.976822,
		2500.0]
,

	"b6":[
		2500.0,
		2480.976822,
		9.408671,
		9.408671,
		9.408671,
		9.408671,
		2500.0,
		4971.925504,
		2500.0,
		9.408671,
		2500.0,
		2480.976822,
		9.408671,
		2480.976822,
		2500.0,
		9.408671,
		9.408671,
		9.408671,
		2500.0,
		2480.976822,
		9.408671,
		9.408671,
		9.614507,
		9.614507,
		9.614507,
		9.614507,
		9.614507,
		2500.0,
		2480.976822,
		2480.976822,
		2500.0,
		9.614507,
		9.614507,
		2500.0,
		2480.976822,
		9.614507,
		9.457625,
		2480.3565,
		2500.0,
		9.614507,
		2500.0,
		2480.976822,
		2480.976822,
		2500.0,
		2471.361116,
		2500.0,
		9.614507,
		9.614507,
		9.614507,
		24.573019,
		2500.0,
		4971.156478,
		2500.0,
		9.614507,
		9.614507,
		9.614507,
		18.858301,
		2500.0,
		9.614507,
		2500.0,
		13.296712,
		2500.0,
		9.614507,
		13.296712,
		9.614507,
		2500.0,
		4958.153915,
		2500.0,
		9.614507,
		11.493892,
		9.614507,
		2500.0,
		2471.450627,
		9.614507,
		12.06526,
		9.614507,
		9.614507,
		9.614507,
		20.81425,
		9.614507,
		9.614507,
		2500.0,
		4966.826341,
		2500.0,
		2500.0,
		4971.156478,
		2500.0,
		13.207997,
		10.185876,
		12.636629,
		9.614507,
		9.614507,
		9.614507,
		9.614507,
		2480.976822,
		2500.0]
,