{
"LMPs": {
	"b1":[
		9.408671,
		9.408671,
		2500.0,
		2480.976822,
		2480.976822,
		2500.0,
		9.408671,
		9.614507,
		9.614507,
		9.408671,
		9.614507,
		9.614507,
		9.408671,
		9.408671,
		2481.182658,
		2500.0,
		9.614507,
		9.408671,
		9.408671,
		2481.182658,
		2500.0,
		9.408671,
		9.408671,
		9.408671,
		9.408671,
		2481.182658,
		2500.0,
		2500.0,
		2480.976822,
		9.408671,
		9.614507,
		9.614507,
		9.614507,
		9.614507,
		9.614507,
		9.614507,
		9.614507,
		9.614507,
		9.614507,
		9.614507,
		9.614507,
		10.185876,
		9.614507,
		12.06526,
		2500.0,
		4966.826341,
		2500.0,
		4978.96655,
		2500.0,
		2500.0,
		2500.0,
		9.614507,
		15.176097,
		9.614507,
		9.614507,
		15.176097,
		9.614507,
		2500.0,
		13.296712,
		2500.0,
		2500.0,
		2500.0,
		13.296712,
		9.614507,
		2500.0,
		9.614507,
		9.614507,
		2480.976822,
		2500.0,
		9.614507,
		23.683243,
		9.614507,
		9.614507,
		9.614507,
		9.614507,
		9.614507,
		9.614507,
		9.614507,
		9.614507,
		2500.0,
		7438.770574,
		2500.0,
		2500.0,
		2500.0,
		4971.362314,
		2500.0,
		2500.0,
		4971.362314,
		2500.0,
		2500.0,
		2480.976822,
		9.614507,
		2500.0,
		9.614507,
		2500.0,
		2500.0]
,

	"b2":[
		9.408671,
		9.408671,
		2500.0,
		2480.976822,
		2480.976822,
		2500.0,
		9.408671,
		9.614507,
		9.614507,
		9.408671,
		9.614507,
		9.614507,
		9.408671,
		9.408671,
		2481.182658,
		2500.0,
		9.614507,
		9.408671,
		9.408671,
		2481.182658,
		2500.0,
		9.408671,
		9.408671,
		9.408671,
		9.408671,
		2481.182658,
		2500.0,
		2500.0,
		2480.976822,
		9.408671,
		9.614507,
		9.614507,
		9.614507,
		9.614507,
		9.614507,
		9.614507,
		9.614507,
		9.614507,
		9.614507,
		9.614507,
		9.614507,
		10.185876,
		9.614507,
		12.06526,
		2500.0,
		4966.826341,
		2500.0,
		4978.96655,
		2500.0,
		2500.0,
		2500.0,
		9.614507,
		15.176097,
		9.614507,
		9.614507,
		15.176097,
		9.614507,
		2500.0,
		13.296712,
		2500.0,
		2500.0,
		2500.0,
		13.296712,
		9.614507,
		2500.0,
		9.614507,
		9.614507,
		2480.976822,
		2500.0,
		9.614507,
		23.683243,
		9.614507,
		9.614507,
		9.614507,
		9.614507,
		9.614507,
		9.614507,
		9.614507,
		9.614507,
		2500.0,
		7438.770574,
		2500.0,
		2500.0,
		2500.0,
		4971.362314,
		2500.0,
		2500.0,
		4971.362314,
		2500.0,
		2500.0,
		2480.976822,
		9.614507,
		2500.0,
		9.614507,
		2500.0,
		2500.0]
,

	"b3":[
		9.408671,
		9.408671,
		2500.0,
		2480.976822,
		2480.976822,
		2500.0,
		9.408671,
		9.614507,
		9.614507,
		9.408671,
		9.614507,
		9.614507,
		9.408671,
		9.408671,
		2481.182658,
		2500.0,
		9.614507,
		9.408671,
		9.408671,
		2481.182658,
		2500.0,
		9.408671,
		9.408671,
		9.408671,
		9.408671,
		2481.182658,
		2500.0,
		2500.0,
		2480.976822,
		9.408671,
		9.614507,
		9.614507,
		9.614507,
		9.614507,
		9.614507,
		9.614507,
		9.614507,
		9.614507,
		9.614507,
		9.614507,
		9.614507,
		10.185876,
		9.614507,
		12.06526,
		2500.0,
		4966.826341,
		2500.0,
		4978.96655,
		2500.0,
		2500.0,
		2500.0,
		9.614507,
		15.176097,
		9.614507,
		9.614507,
		15.176097,
		9.614507,
		2500.0,
		13.296712,
		2500.0,
		2500.0,
		2500.0,
		13.296712,
		9.614507,
		2500.0,
		9.614507,
		9.614507,
		2480.976822,
		2500.0,
		9.614507,
		23.683243,
		9.614507,
		9.614507,
		9.614507,
		9.614507,
		9.614507,
		9.614507,
		9.614507,
		9.614507,
		2500.0,
		7438.770574,
		2500.0,
		2500.0,
		2500.0,
		4971.362314,
		2500.0,
		2500.0,
		4971.362314,
		2500.0,
		2500.0,
		2480.976822,
		9.614507,
		2500.0,
		9.614507,
		2500.0,
		2500.0]
,

	"b4":[
		9.408671,
		9.408671,
		2500.0,
		2480.976822,
		2480.976822,
		2500.0,
		9.408671,
		9.614507,
		9.614507,
		9.408671,
		9.614507,
		9.614507,
		9.408671,
		9.408671,
		2481.182658,
		2500.0,
		9.614507,
		9.408671,
		9.408671,
		2481.182658,
		2500.0,
		9.408671,
		9.408671,
		9.408671,
		9.408671,
		2481.182658,
		2500.0,
		2500.0,
		2480.976822,
		9.408671,
		9.614507,
		9.614507,
		9.614507,
		9.614507,
		9.614507,
		9.614507,
		9.614507,
		9.614507,
		9.614507,
		9.614507,
		9.614507,
		10.185876,
		9.614507,
		12.06526,
		2500.0,
		4966.826341,
		2500.0,
		4978.96655,
		2500.0,
		2500.0,
		2500.0,
		9.614507,
		15.176097,
		9.614507,
		9.614507,
		15.176097,
		9.614507,
		2500.0,
		13.296712,
		2500.0,
		2500.0,
		2500.0,
		13.296712,
		9.614507,
		2500.0,
		9.614507,
		9.614507,
		2480.976822,
		2500.0,
		9.614507,
		23.683243,
		9.614507,
		9.614507,
		9.614507,
		9.614507,
		9.614507,
		9.614507,
		9.614507,
		9.614507,
		2500.0,
		7438.770574,
		2500.0,
		2500.0,
		2500.0,
		4971.362314,
		2500.0,
		2500.0,
		4971.362314,
		2500.0,
		2500.0,
		2480.976822,
		9.614507,
		2500.0,
		9.614507,
		2500.0,
		2500.0]
,

	"b5":[
		9.408671,
		9.408671,
		2500.0,
		2480.976822,
		2480.976822,
		2500.0,
		9.408671,
		9.614507,
		9.614507,
		9.408671,
		9.614507,
		9.614507,
		9.408671,
		9.408671,
		2481.182658,
		2500.0,
		9.614507,
		9.408671,
		9.408671,
		2481.182658,
		2500.0,
		9.408671,
		9.408671,
		9.408671,
		9.408671,
		2481.182658,
		2500.0,
		2500.0,
		2480.976822,
		9.408671,
		9.614507,
		9.614507,
		9.614507,
		9.614507,
		9.614507,
		9.614507,
		9.614507,
		9.614507,
		9.614507,
		9.614507,
		9.614507,
		10.185876,
		9.614507,
		12.06526,
		2500.0,
		4966.826341,
		2500.0,
		4978.96655,
		2500.0,
		2500.0,
		2500.0,
		9.614507,
		15.176097,
		9.614507,
		9.614507,
		15.176097,
		9.614507,
		2500.0,
		13.296712,
		2500.0,
		2500.0,
		2500.0,
		13.296712,
		9.614507,
		2500.0,
		9.614507,
		9.614507,
		2480.976822,
		2500.0,
		9.614507,
		23.683243,
		9.614507,
		9.614507,
		9.614507,
		9.614507,
		9.614507,
		9.614507,
		9.614507,
		9.614507,
		2500.0,
		7438.770574,
		2500.0,
		2500.0,
		2500.0,
		4971.362314,
		2500.0,
		2500.0,
		4971.362314,
		2500.0,
		2500.0,
		2480.976822,
		9.614507,
		2500.0,
		9.614507,
		2500.0,
		2500.0]
,

	"b6":[
		9.408671,
		9.408671,
		2500.0,
		2480.976822,
		2480.976822,
		2500.0,
		9.408671,
		9.614507,
		9.614507,
		9.408671,
		9.614507,
		9.614507,
		9.408671,
		9.408671,
		2481.182658,
		2500.0,
		9.614507,
		9.408671,
		9.408671,
		2481.182658,
		2500.0,
		9.408671,
		9.408671,
		9.408671,
		9.408671,
		2481.182658,
		2500.0,
		2500.0,
		2480.976822,
		9.408671,
		9.614507,
		9.614507,
		9.614507,
		9.614507,
		9.614507,
		9.614507,
		9.614507,
		9.614507,
		9.614507,
		9.614507,
		9.614507,
		10.185876,
		9.614507,
		12.06526,
		2500.0,
		4966.826341,
		2500.0,
		4978.96655,
		2500.0,
		2500.0,
		2500.0,
		9.614507,
		15.176097,
		9.614507,
		9.614507,
		15.176097,
		9.614507,
		2500.0,
		13.296712,
		2500.0,
		2500.0,
		2500.0,
		13.296712,
		9.614507,
		2500.0,
		9.614507,
		9.614507,
		2480.976822,
		2500.0,
		9.614507,
		23.683243,
		9.614507,
		9.614507,
		9.614507,
		9.614507,
		9.614507,
		9.614507,
		9.614507,
		9.614507,
		2500.0,
		7438.770574,
		2500.0,
		2500.0,
		2500.0,
		4971.362314,
		2500.0,
		2500.0,
		4971.362314,
		2500.0,
		2500.0,
		2480.976822,
		9.614507,
		2500.0,
		9.614507,
		2500.0,
		2500.0]
,