{
"LMPs": {
	"b1":[
		9.614507,
		9.614507,
		9.614507,
		2500.0,
		2480.976822,
		2500.0,
		4971.362314,
		2500.0,
		9.408671,
		9.408671,
		9.408671,
		9.408671,
		9.408671,
		9.408671,
		9.408671,
		9.614507,
		9.408671,
		9.408671,
		9.408671,
		2500.0,
		2480.976822,
		9.408671,
		2500.0,
		7462.15948,
		2500.0,
		2500.0,
		9.614507,
		2480.976822,
		2500.0,
		9.614507,
		9.614507,
		9.614507,
		9.614507,
		9.614507,
		9.614507,
		9.614507,
		9.614507,
		9.614507,
		9.614507,
		10.185876,
		10.185876,
		2478.320232,
		2500.0,
		2500.0,
		2476.440848,
		9.614507,
		9.614507,
		10.185876,
		10.185876,
		9.614507,
		2500.0,
		2477.748864,
		9.614507,
		9.614507,
		9.614507,
		9.614507,
		2500.0,
		2500.0,
		2500.0,
		4971.362314,
		2500.0,
		9.614507,
		9.614507,
		2478.320232,
		2500.0,
		11.493892,
		17.62685,
		2500.0,
		4971.156478,
		2500.0,
		15.176097,
		9.614507,
		10.185876,
		10.185876,
		9.614507,
		2469.571242,
		2500.0,
		9.614507,
		9.614507,
		9.408671,
		2473.124175,
		2500.0,
		2467.844986,
		2500.0,
		9.614507,
		9.614507,
		13.296712,
		13.944645,
		2500.0,
		2480.770985,
		2478.320232,
		2500.0,
		9.614507,
		2480.976822,
		2500.0,
		9.614507]
,

	"b2":[
		9.614507,
		9.614507,
		9.614507,
		2500.0,
		2480.976822,
		2500.0,
		4971.362314,
		2500.0,
		9.408671,
		9.408671,
		9.408671,
		9.408671,
		9.408671,
		9.408671,
		9.408671,
		9.614507,
		9.408671,
		9.408671,
		9.408671,
		2500.0,
		2480.976822,
		9.408671,
		2500.0,
		7462.15948,
		2500.0,
		2500.0,
		9.614507,
		2480.976822,
		2500.0,
		9.614507,
		9.614507,
		9.614507,
		9.614507,
		9.614507,
		9.614507,
		9.614507,
		9.614507,
		9.614507,
		9.614507,
		10.185876,
		10.185876,
		2478.320232,
		2500.0,
		2500.0,
		2476.440848,
		9.614507,
		9.614507,
		10.185876,
		10.185876,
		9.614507,
		2500.0,
		2477.748864,
		9.614507,
		9.614507,
		9.614507,
		9.614507,
		2500.0,
		2500.0,
		2500.0,
		4971.362314,
		2500.0,
		9.614507,
		9.614507,
		2478.320232,
		2500.0,
		11.493892,
		17.62685,
		2500.0,
		4971.156478,
		2500.0,
		15.176097,
		9.614507,
		10.185876,
		10.185876,
		9.614507,
		2469.571242,
		2500.0,
		9.614507,
		9.614507,
		9.408671,
		2473.124175,
		2500.0,
		2467.844986,
		2500.0,
		9.614507,
		9.614507,
		13.296712,
		13.944645,
		2500.0,
		2480.770985,
		2478.320232,
		2500.0,
		9.614507,
		2480.976822,
		2500.0,
		9.614507]
,

	"b3":[
		9.614507,
		9.614507,
		9.614507,
		2500.0,
		2480.976822,
		2500.0,
		4971.362314,
		2500.0,
		9.408671,
		9.408671,
		9.408671,
		9.408671,
		9.408671,
		9.408671,
		9.408671,
		9.614507,
		9.408671,
		9.408671,
		9.408671,
		2500.0,
		2480.976822,
		9.408671,
		2500.0,
		7462.15948,
		2500.0,
		2500.0,
		9.614507,
		2480.976822,
		2500.0,
		9.614507,
		9.614507,
		9.614507,
		9.614507,
		9.614507,
		9.614507,
		9.614507,
		9.614507,
		9.614507,
		9.614507,
		10.185876,
		10.185876,
		2478.320232,
		2500.0,
		2500.0,
		2476.440848,
		9.614507,
		9.614507,
		10.185876,
		10.185876,
		9.614507,
		2500.0,
		2477.748864,
		9.614507,
		9.614507,
		9.614507,
		9.614507,
		2500.0,
		2500.0,
		2500.0,
		4971.362314,
		2500.0,
		9.614507,
		9.614507,
		2478.320232,
		2500.0,
		11.493892,
		17.62685,
		2500.0,
		4971.156478,
		2500.0,
		15.176097,
		9.614507,
		10.185876,
		10.185876,
		9.614507,
		2469.571242,
		2500.0,
		9.614507,
		9.614507,
		9.408671,
		2473.124175,
		2500.0,
		2467.844986,
		2500.0,
		9.614507,
		9.614507,
		13.296712,
		13.944645,
		2500.0,
		2480.770985,
		2478.320232,
		2500.0,
		9.614507,
		2480.976822,
		2500.0,
		9.614507]
,

	"b4":[
		9.614507,
		9.614507,
		9.614507,
		2500.0,
		2480.976822,
		2500.0,
		4971.362314,
		2500.0,
		9.408671,
		9.408671,
		9.408671,
		9.408671,
		9.408671,
		9.408671,
		9.408671,
		9.614507,
		9.408671,
		9.408671,
		9.408671,
		2500.0,
		2480.976822,
		9.408671,
		2500.0,
		7462.15948,
		2500.0,
		2500.0,
		9.614507,
		2480.976822,
		2500.0,
		9.614507,
		9.614507,
		9.614507,
		9.614507,
		9.614507,
		9.614507,
		9.614507,
		9.614507,
		9.614507,
		9.614507,
		10.185876,
		10.185876,
		2478.320232,
		2500.0,
		2500.0,
		2476.440848,
		9.614507,
		9.614507,
		10.185876,
		10.185876,
		9.614507,
		2500.0,
		2477.748864,
		9.614507,
		9.614507,
		9.614507,
		9.614507,
		2500.0,
		2500.0,
		2500.0,
		4971.362314,
		2500.0,
		9.614507,
		9.614507,
		2478.320232,
		2500.0,
		11.493892,
		17.62685,
		2500.0,
		4971.156478,
		2500.0,
		15.176097,
		9.614507,
		10.185876,
		10.185876,
		9.614507,
		2469.571242,
		2500.0,
		9.614507,
		9.614507,
		9.408671,
		2473.124175,
		2500.0,
		2467.844986,
		2500.0,
		9.614507,
		9.614507,
		13.296712,
		13.944645,
		2500.0,
		2480.770985,
		2478.320232,
		2500.0,
		9.614507,
		2480.976822,
		2500.0,
		9.614507]
,

	"b5":[
		9.614507,
		9.614507,
		9.614507,
		2500.0,
		2480.976822,
		2500.0,
		4971.362314,
		2500.0,
		9.408671,
		9.408671,
		9.408671,
		9.408671,
		9.408671,
		9.408671,
		9.408671,
		9.614507,
		9.408671,
		9.408671,
		9.408671,
		2500.0,
		2480.976822,
		9.408671,
		2500.0,
		7462.15948,
		2500.0,
		2500.0,
		9.614507,
		2480.976822,
		2500.0,
		9.614507,
		9.614507,
		9.614507,
		9.614507,
		9.614507,
		9.614507,
		9.614507,
		9.614507,
		9.614507,
		9.614507,
		10.185876,
		10.185876,
		2478.320232,
		2500.0,
		2500.0,
		2476.440848,
		9.614507,
		9.614507,
		10.185876,
		10.185876,
		9.614507,
		2500.0,
		2477.748864,
		9.614507,
		9.614507,
		9.614507,
		9.614507,
		2500.0,
		2500.0,
		2500.0,
		4971.362314,
		2500.0,
		9.614507,
		9.614507,
		2478.320232,
		2500.0,
		11.493892,
		17.62685,
		2500.0,
		4971.156478,
		2500.0,
		15.176097,
		9.614507,
		10.185876,
		10.185876,
		9.614507,
		2469.571242,
		2500.0,
		9.614507,
		9.614507,
		9.408671,
		2473.124175,
		2500.0,
		2467.844986,
		2500.0,
		9.614507,
		9.614507,
		13.296712,
		13.944645,
		2500.0,
		2480.770985,
		2478.320232,
		2500.0,
		9.614507,
		2480.976822,
		2500.0,
		9.614507]
,

	"b6":[
		9.614507,
		9.614507,
		9.614507,
		2500.0,
		2480.976822,
		2500.0,
		4971.362314,
		2500.0,
		9.408671,
		9.408671,
		9.408671,
		9.408671,
		9.408671,
		9.408671,
		9.408671,
		9.614507,
		9.408671,
		9.408671,
		9.408671,
		2500.0,
		2480.976822,
		9.408671,
		2500.0,
		7462.15948,
		2500.0,
		2500.0,
		9.614507,
		2480.976822,
		2500.0,
		9.614507,
		9.614507,
		9.614507,
		9.614507,
		9.614507,
		9.614507,
		9.614507,
		9.614507,
		9.614507,
		9.614507,
		10.185876,
		10.185876,
		2478.320232,
		2500.0,
		2500.0,
		2476.440848,
		9.614507,
		9.614507,
		10.185876,
		10.185876,
		9.614507,
		2500.0,
		2477.748864,
		9.614507,
		9.614507,
		9.614507,
		9.614507,
		2500.0,
		2500.0,
		2500.0,
		4971.362314,
		2500.0,
		9.614507,
		9.614507,
		2478.320232,
		2500.0,
		11.493892,
		17.62685,
		2500.0,
		4971.156478,
		2500.0,
		15.176097,
		9.614507,
		10.185876,
		10.185876,
		9.614507,
		2469.571242,
		2500.0,
		9.614507,
		9.614507,
		9.408671,
		2473.124175,
		2500.0,
		2467.844986,
		2500.0,
		9.614507,
		9.614507,
		13.296712,
		13.944645,
		2500.0,
		2480.770985,
		2478.320232,
		2500.0,
		9.614507,
		2480.976822,
		2500.0,
		9.614507]
,