{
"LMPs": {
	"b1":[
		9.614507,
		9.614507,
		9.614507,
		9.408671,
		2480.976822,
		2500.0,
		2500.0,
		2481.334175,
		2480.976822,
		2500.0,
		9.408671,
		9.408671,
		9.408671,
		9.614507,
		9.408671,
		9.614507,
		9.408671,
		9.408671,
		9.614507,
		9.408671,
		9.408671,
		9.614507,
		9.408671,
		2480.976822,
		2500.0,
		9.614507,
		9.408671,
		2480.976822,
		2500.0,
		9.614507,
		2500.0,
		7461.747807,
		2500.0,
		2500.0,
		9.614507,
		9.614507,
		10.185876,
		9.614507,
		9.614507,
		2480.976822,
		2500.0,
		10.806198,
		8.216981,
		9.614507,
		19.801581,
		2500.0,
		2480.976822,
		2478.320232,
		2500.0,
		2477.012216,
		2500.0,
		2500.0,
		4971.362314,
		2500.0,
		2500.0,
		2480.770985,
		9.614507,
		2500.0,
		9.614507,
		13.296712,
		9.614507,
		2500.0,
		2500.0,
		9.614507,
		2500.0,
		9.614507,
		9.614507,
		2500.0,
		2500.0,
		4971.362314,
		2500.0,
		15.747465,
		9.614507,
		9.614507,
		2478.320232,
		2500.0,
		9.614507,
		2500.0,
		4958.153915,
		2500.0,
		9.614507,
		2475.209396,
		2500.0,
		18.198218,
		2500.0,
		4971.156478,
		2500.0,
		9.614507,
		9.614507,
		9.614507,
		9.614507,
		9.457625,
		9.614507,
		9.614507,
		2500.0,
		2480.976822]
,

	"b2":[
		9.614507,
		9.614507,
		9.614507,
		9.408671,
		2480.976822,
		2500.0,
		2500.0,
		2481.334175,
		2480.976822,
		2500.0,
		9.408671,
		9.408671,
		9.408671,
		9.614507,
		9.408671,
		9.614507,
		9.408671,
		9.408671,
		9.614507,
		9.408671,
		9.408671,
		9.614507,
		9.408671,
		2480.976822,
		2500.0,
		9.614507,
		9.408671,
		2480.976822,
		2500.0,
		9.614507,
		2500.0,
		7461.747807,
		2500.0,
		2500.0,
		9.614507,
		9.614507,
		10.185876,
		9.614507,
		9.614507,
		2480.976822,
		2500.0,
		10.806198,
		8.216981,
		9.614507,
		19.801581,
		2500.0,
		2480.976822,
		2478.320232,
		2500.0,
		2477.012216,
		2500.0,
		2500.0,
		4971.362314,
		2500.0,
		2500.0,
		2480.770985,
		9.614507,
		2500.0,
		9.614507,
		13.296712,
		9.614507,
		2500.0,
		2500.0,
		9.614507,
		2500.0,
		9.614507,
		9.614507,
		2500.0,
		2500.0,
		4971.362314,
		2500.0,
		15.747465,
		9.614507,
		9.614507,
		2478.320232,
		2500.0,
		9.614507,
		2500.0,
		4958.153915,
		2500.0,
		9.614507,
		2475.209396,
		2500.0,
		18.198218,
		2500.0,
		4971.156478,
		2500.0,
		9.614507,
		9.614507,
		9.614507,
		9.614507,
		9.457625,
		9.614507,
		9.614507,
		2500.0,
		2480.976822]
,

	"b3":[
		9.614507,
		9.614507,
		9.614507,
		9.408671,
		2480.976822,
		2500.0,
		2500.0,
		2481.334175,
		2480.976822,
		2500.0,
		9.408671,
		9.408671,
		9.408671,
		9.614507,
		9.408671,
		9.614507,
		9.408671,
		9.408671,
		9.614507,
		9.408671,
		9.408671,
		9.614507,
		9.408671,
		2480.976822,
		2500.0,
		9.614507,
		9.408671,
		2480.976822,
		2500.0,
		9.614507,
		2500.0,
		7461.747807,
		2500.0,
		2500.0,
		9.614507,
		9.614507,
		10.185876,
		9.614507,
		9.614507,
		2480.976822,
		2500.0,
		10.806198,
		8.216981,
		9.614507,
		19.801581,
		2500.0,
		2480.976822,
		2478.320232,
		2500.0,
		2477.012216,
		2500.0,
		2500.0,
		4971.362314,
		2500.0,
		2500.0,
		2480.770985,
		9.614507,
		2500.0,
		9.614507,
		13.296712,
		9.614507,
		2500.0,
		2500.0,
		9.614507,
		2500.0,
		9.614507,
		9.614507,
		2500.0,
		2500.0,
		4971.362314,
		2500.0,
		15.747465,
		9.614507,
		9.614507,
		2478.320232,
		2500.0,
		9.614507,
		2500.0,
		4958.153915,
		2500.0,
		9.614507,
		2475.209396,
		2500.0,
		18.198218,
		2500.0,
		4971.156478,
		2500.0,
		9.614507,
		9.614507,
		9.614507,
		9.614507,
		9.457625,
		9.614507,
		9.614507,
		2500.0,
		2480.976822]
,

	"b4":[
		9.614507,
		9.614507,
		9.614507,
		9.408671,
		2480.976822,
		2500.0,
		2500.0,
		2481.334175,
		2480.976822,
		2500.0,
		9.408671,
		9.408671,
		9.408671,
		9.614507,
		9.408671,
		9.614507,
		9.408671,
		9.408671,
		9.614507,
		9.408671,
		9.408671,
		9.614507,
		9.408671,
		2480.976822,
		2500.0,
		9.614507,
		9.408671,
		2480.976822,
		2500.0,
		9.614507,
		2500.0,
		7461.747807,
		2500.0,
		2500.0,
		9.614507,
		9.614507,
		10.185876,
		9.614507,
		9.614507,
		2480.976822,
		2500.0,
		10.806198,
		8.216981,
		9.614507,
		19.801581,
		2500.0,
		2480.976822,
		2478.320232,
		2500.0,
		2477.012216,
		2500.0,
		2500.0,
		4971.362314,
		2500.0,
		2500.0,
		2480.770985,
		9.614507,
		2500.0,
		9.614507,
		13.296712,
		9.614507,
		2500.0,
		2500.0,
		9.614507,
		2500.0,
		9.614507,
		9.614507,
		2500.0,
		2500.0,
		4971.362314,
		2500.0,
		15.747465,
		9.614507,
		9.614507,
		2478.320232,
		2500.0,
		9.614507,
		2500.0,
		4958.153915,
		2500.0,
		9.614507,
		2475.209396,
		2500.0,
		18.198218,
		2500.0,
		4971.156478,
		2500.0,
		9.614507,
		9.614507,
		9.614507,
		9.614507,
		9.457625,
		9.614507,
		9.614507,
		2500.0,
		2480.976822]
,

	"b5":[
		9.614507,
		9.614507,
		9.614507,
		9.408671,
		2480.976822,
		2500.0,
		2500.0,
		2481.334175,
		2480.976822,
		2500.0,
		9.408671,
		9.408671,
		9.408671,
		9.614507,
		9.408671,
		9.614507,
		9.408671,
		9.408671,
		9.614507,
		9.408671,
		9.408671,
		9.614507,
		9.408671,
		2480.976822,
		2500.0,
		9.614507,
		9.408671,
		2480.976822,
		2500.0,
		9.614507,
		2500.0,
		7461.747807,
		2500.0,
		2500.0,
		9.614507,
		9.614507,
		10.185876,
		9.614507,
		9.614507,
		2480.976822,
		2500.0,
		10.806198,
		8.216981,
		9.614507,
		19.801581,
		2500.0,
		2480.976822,
		2478.320232,
		2500.0,
		2477.012216,
		2500.0,
		2500.0,
		4971.362314,
		2500.0,
		2500.0,
		2480.770985,
		9.614507,
		2500.0,
		9.614507,
		13.296712,
		9.614507,
		2500.0,
		2500.0,
		9.614507,
		2500.0,
		9.614507,
		9.614507,
		2500.0,
		2500.0,
		4971.362314,
		2500.0,
		15.747465,
		9.614507,
		9.614507,
		2478.320232,
		2500.0,
		9.614507,
		2500.0,
		4958.153915,
		2500.0,
		9.614507,
		2475.209396,
		2500.0,
		18.198218,
		2500.0,
		4971.156478,
		2500.0,
		9.614507,
		9.614507,
		9.614507,
		9.614507,
		9.457625,
		9.614507,
		9.614507,
		2500.0,
		2480.976822]
,

	"b6":[
		9.614507,
		9.614507,
		9.614507,
		9.408671,
		2480.976822,
		2500.0,
		2500.0,
		2481.334175,
		2480.976822,
		2500.0,
		9.408671,
		9.408671,
		9.408671,
		9.614507,
		9.408671,
		9.614507,
		9.408671,
		9.408671,
		9.614507,
		9.408671,
		9.408671,
		9.614507,
		9.408671,
		2480.976822,
		2500.0,
		9.614507,
		9.408671,
		2480.976822,
		2500.0,
		9.614507,
		2500.0,
		7461.747807,
		2500.0,
		2500.0,
		9.614507,
		9.614507,
		10.185876,
		9.614507,
		9.614507,
		2480.976822,
		2500.0,
		10.806198,
		8.216981,
		9.614507,
		19.801581,
		2500.0,
		2480.976822,
		2478.320232,
		2500.0,
		2477.012216,
		2500.0,
		2500.0,
		4971.362314,
		2500.0,
		2500.0,
		2480.770985,
		9.614507,
		2500.0,
		9.614507,
		13.296712,
		9.614507,
		2500.0,
		2500.0,
		9.614507,
		2500.0,
		9.614507,
		9.614507,
		2500.0,
		2500.0,
		4971.362314,
		2500.0,
		15.747465,
		9.614507,
		9.614507,
		2478.320232,
		2500.0,
		9.614507,
		2500.0,
		4958.153915,
		2500.0,
		9.614507,
		2475.209396,
		2500.0,
		18.198218,
		2500.0,
		4971.156478,
		2500.0,
		9.614507,
		9.614507,
		9.614507,
		9.614507,
		9.457625,
		9.614507,
		9.614507,
		2500.0,
		2480.976822]
,