{
"LMPs": {
	"b1":[
		9.614507,
		2480.976822,
		2500.0,
		2500.0,
		4971.362314,
		2500.0,
		9.408671,
		9.408671,
		9.408671,
		9.408671,
		9.408671,
		9.408671,
		2500.0,
		4971.773987,
		2500.0,
		9.614507,
		9.408671,
		9.614507,
		9.408671,
		2481.182658,
		2500.0,
		9.614507,
		9.408671,
		2500.0,
		2480.976822,
		9.408671,
		9.614507,
		9.408671,
		9.614507,
		9.614507,
		2500.0,
		2480.770985,
		9.614507,
		9.614507,
		2500.0,
		9.614507,
		2500.0,
		2480.976822,
		9.457625,
		2480.976822,
		2500.0,
		9.614507,
		9.614507,
		9.614507,
		2500.0,
		2500.0,
		7461.747807,
		2500.0,
		9.614507,
		9.614507,
		14.251202,
		2500.0,
		4971.362314,
		2500.0,
		17.832686,
		13.296712,
		9.614507,
		2500.0,
		9.614507,
		9.614507,
		9.614507,
		2500.0,
		4971.773987,
		2500.0,
		2480.976822,
		2500.0,
		2500.0,
		2466.035787,
		11.493892,
		17.62685,
		9.614507,
		2480.770985,
		2500.0,
		9.614507,
		2500.0,
		2473.330012,
		2472.758643,
		2500.0,
		9.614507,
		9.614507,
		9.614507,
		2472.758643,
		2500.0,
		9.614507,
		9.614507,
		18.198218,
		9.614507,
		9.614507,
		9.614507,
		9.457625,
		9.614507,
		10.185876,
		9.614507,
		9.614507,
		9.614507,
		9.614507]
,

	"b2":[
		9.614507,
		2480.976822,
		2500.0,
		2500.0,
		4971.362314,
		2500.0,
		9.408671,
		9.408671,
		9.408671,
		9.408671,
		9.408671,
		9.408671,
		2500.0,
		4971.773987,
		2500.0,
		9.614507,
		9.408671,
		9.614507,
		9.408671,
		2481.182658,
		2500.0,
		9.614507,
		9.408671,
		2500.0,
		2480.976822,
		9.408671,
		9.614507,
		9.408671,
		9.614507,
		9.614507,
		2500.0,
		2480.770985,
		9.614507,
		9.614507,
		2500.0,
		9.614507,
		2500.0,
		2480.976822,
		9.457625,
		2480.976822,
		2500.0,
		9.614507,
		9.614507,
		9.614507,
		2500.0,
		2500.0,
		7461.747807,
		2500.0,
		9.614507,
		9.614507,
		14.251202,
		2500.0,
		4971.362314,
		2500.0,
		17.832686,
		13.296712,
		9.614507,
		2500.0,
		9.614507,
		9.614507,
		9.614507,
		2500.0,
		4971.773987,
		2500.0,
		2480.976822,
		2500.0,
		2500.0,
		2466.035787,
		11.493892,
		17.62685,
		9.614507,
		2480.770985,
		2500.0,
		9.614507,
		2500.0,
		2473.330012,
		2472.758643,
		2500.0,
		9.614507,
		9.614507,
		9.614507,
		2472.758643,
		2500.0,
		9.614507,
		9.614507,
		18.198218,
		9.614507,
		9.614507,
		9.614507,
		9.457625,
		9.614507,
		10.185876,
		9.614507,
		9.614507,
		9.614507,
		9.614507]
,

	"b3":[
		9.614507,
		2480.976822,
		2500.0,
		2500.0,
		4971.362314,
		2500.0,
		9.408671,
		9.408671,
		9.408671,
		9.408671,
		9.408671,
		9.408671,
		2500.0,
		4971.773987,
		2500.0,
		9.614507,
		9.408671,
		9.614507,
		9.408671,
		2481.182658,
		2500.0,
		9.614507,
		9.408671,
		2500.0,
		2480.976822,
		9.408671,
		9.614507,
		9.408671,
		9.614507,
		9.614507,
		2500.0,
		2480.770985,
		9.614507,
		9.614507,
		2500.0,
		9.614507,
		2500.0,
		2480.976822,
		9.457625,
		2480.976822,
		2500.0,
		9.614507,
		9.614507,
		9.614507,
		2500.0,
		2500.0,
		7461.747807,
		2500.0,
		9.614507,
		9.614507,
		14.251202,
		2500.0,
		4971.362314,
		2500.0,
		17.832686,
		13.296712,
		9.614507,
		2500.0,
		9.614507,
		9.614507,
		9.614507,
		2500.0,
		4971.773987,
		2500.0,
		2480.976822,
		2500.0,
		2500.0,
		2466.035787,
		11.493892,
		17.62685,
		9.614507,
		2480.770985,
		2500.0,
		9.614507,
		2500.0,
		2473.330012,
		2472.758643,
		2500.0,
		9.614507,
		9.614507,
		9.614507,
		2472.758643,
		2500.0,
		9.614507,
		9.614507,
		18.198218,
		9.614507,
		9.614507,
		9.614507,
		9.457625,
		9.614507,
		10.185876,
		9.614507,
		9.614507,
		9.614507,
		9.614507]
,

	"b4":[
		9.614507,
		2480.976822,
		2500.0,
		2500.0,
		4971.362314,
		2500.0,
		9.408671,
		9.408671,
		9.408671,
		9.408671,
		9.408671,
		9.408671,
		2500.0,
		4971.773987,
		2500.0,
		9.614507,
		9.408671,
		9.614507,
		9.408671,
		2481.182658,
		2500.0,
		9.614507,
		9.408671,
		2500.0,
		2480.976822,
		9.408671,
		9.614507,
		9.408671,
		9.614507,
		9.614507,
		2500.0,
		2480.770985,
		9.614507,
		9.614507,
		2500.0,
		9.614507,
		2500.0,
		2480.976822,
		9.457625,
		2480.976822,
		2500.0,
		9.614507,
		9.614507,
		9.614507,
		2500.0,
		2500.0,
		7461.747807,
		2500.0,
		9.614507,
		9.614507,
		14.251202,
		2500.0,
		4971.362314,
		2500.0,
		17.832686,
		13.296712,
		9.614507,
		2500.0,
		9.614507,
		9.614507,
		9.614507,
		2500.0,
		4971.773987,
		2500.0,
		2480.976822,
		2500.0,
		2500.0,
		2466.035787,
		11.493892,
		17.62685,
		9.614507,
		2480.770985,
		2500.0,
		9.614507,
		2500.0,
		2473.330012,
		2472.758643,
		2500.0,
		9.614507,
		9.614507,
		9.614507,
		2472.758643,
		2500.0,
		9.614507,
		9.614507,
		18.198218,
		9.614507,
		9.614507,
		9.614507,
		9.457625,
		9.614507,
		10.185876,
		9.614507,
		9.614507,
		9.614507,
		9.614507]
,

	"b5":[
		9.614507,
		2480.976822,
		2500.0,
		2500.0,
		4971.362314,
		2500.0,
		9.408671,
		9.408671,
		9.408671,
		9.408671,
		9.408671,
		9.408671,
		2500.0,
		4971.773987,
		2500.0,
		9.614507,
		9.408671,
		9.614507,
		9.408671,
		2481.182658,
		2500.0,
		9.614507,
		9.408671,
		2500.0,
		2480.976822,
		9.408671,
		9.614507,
		9.408671,
		9.614507,
		9.614507,
		2500.0,
		2480.770985,
		9.614507,
		9.614507,
		2500.0,
		9.614507,
		2500.0,
		2480.976822,
		9.457625,
		2480.976822,
		2500.0,
		9.614507,
		9.614507,
		9.614507,
		2500.0,
		2500.0,
		7461.747807,
		2500.0,
		9.614507,
		9.614507,
		14.251202,
		2500.0,
		4971.362314,
		2500.0,
		17.832686,
		13.296712,
		9.614507,
		2500.0,
		9.614507,
		9.614507,
		9.614507,
		2500.0,
		4971.773987,
		2500.0,
		2480.976822,
		2500.0,
		2500.0,
		2466.035787,
		11.493892,
		17.62685,
		9.614507,
		2480.770985,
		2500.0,
		9.614507,
		2500.0,
		2473.330012,
		2472.758643,
		2500.0,
		9.614507,
		9.614507,
		9.614507,
		2472.758643,
		2500.0,
		9.614507,
		9.614507,
		18.198218,
		9.614507,
		9.614507,
		9.614507,
		9.457625,
		9.614507,
		10.185876,
		9.614507,
		9.614507,
		9.614507,
		9.614507]
,

	"b6":[
		9.614507,
		2480.976822,
		2500.0,
		2500.0,
		4971.362314,
		2500.0,
		9.408671,
		9.408671,
		9.408671,
		9.408671,
		9.408671,
		9.408671,
		2500.0,
		4971.773987,
		2500.0,
		9.614507,
		9.408671,
		9.614507,
		9.408671,
		2481.182658,
		2500.0,
		9.614507,
		9.408671,
		2500.0,
		2480.976822,
		9.408671,
		9.614507,
		9.408671,
		9.614507,
		9.614507,
		2500.0,
		2480.770985,
		9.614507,
		9.614507,
		2500.0,
		9.614507,
		2500.0,
		2480.976822,
		9.457625,
		2480.976822,
		2500.0,
		9.614507,
		9.614507,
		9.614507,
		2500.0,
		2500.0,
		7461.747807,
		2500.0,
		9.614507,
		9.614507,
		14.251202,
		2500.0,
		4971.362314,
		2500.0,
		17.832686,
		13.296712,
		9.614507,
		2500.0,
		9.614507,
		9.614507,
		9.614507,
		2500.0,
		4971.773987,
		2500.0,
		2480.976822,
		2500.0,
		2500.0,
		2466.035787,
		11.493892,
		17.62685,
		9.614507,
		2480.770985,
		2500.0,
		9.614507,
		2500.0,
		2473.330012,
		2472.758643,
		2500.0,
		9.614507,
		9.614507,
		9.614507,
		2472.758643,
		2500.0,
		9.614507,
		9.614507,
		18.198218,
		9.614507,
		9.614507,
		9.614507,
		9.457625,
		9.614507,
		10.185876,
		9.614507,
		9.614507,
		9.614507,
		9.614507]
,