{
"LMPs": {
	"b1":[
		9.614507,
		9.614507,
		9.614507,
		9.614507,
		9.408671,
		9.408671,
		9.614507,
		9.408671,
		9.408671,
		9.408671,
		9.614507,
		9.408671,
		9.408671,
		9.408671,
		9.408671,
		9.408671,
		9.408671,
		9.408671,
		9.408671,
		9.408671,
		9.408671,
		9.408671,
		2500.0,
		2480.976822,
		9.408671,
		9.614507,
		9.614507,
		9.614507,
		9.614507,
		9.614507,
		9.614507,
		9.614507,
		9.614507,
		2500.0,
		2500.0,
		9.614507,
		9.614507,
		9.614507,
		9.614507,
		9.614507,
		9.614507,
		9.614507,
		9.614507,
		9.614507,
		10.185876,
		10.185876,
		9.614507,
		9.614507,
		9.614507,
		15.824029,
		9.614507,
		9.614507,
		12.636629,
		9.614507,
		10.185876,
		10.185876,
		9.614507,
		17.055481,
		9.614507,
		11.493892,
		9.614507,
		16.978917,
		15.176097,
		9.614507,
		11.493892,
		11.493892,
		9.614507,
		17.055481,
		9.614507,
		9.614507,
		13.373276,
		13.296712,
		15.176097,
		9.614507,
		11.493892,
		9.614507,
		15.824029,
		9.614507,
		9.614507,
		9.614507,
		9.614507,
		13.779366,
		9.614507,
		9.614507,
		9.614507,
		9.614507,
		9.614507,
		10.185876,
		9.614507,
		9.614507,
		9.614507,
		10.185876,
		2481.342354,
		2500.0,
		9.614507,
		9.614507]
,

	"b2":[
		9.614507,
		9.614507,
		9.614507,
		9.614507,
		9.408671,
		9.408671,
		9.614507,
		9.408671,
		9.408671,
		9.408671,
		9.614507,
		9.408671,
		9.408671,
		9.408671,
		9.408671,
		9.408671,
		9.408671,
		9.408671,
		9.408671,
		9.408671,
		9.408671,
		9.408671,
		2500.0,
		2480.976822,
		9.408671,
		9.614507,
		9.614507,
		9.614507,
		9.614507,
		9.614507,
		9.614507,
		9.614507,
		9.614507,
		2500.0,
		2500.0,
		9.614507,
		9.614507,
		9.614507,
		9.614507,
		9.614507,
		9.614507,
		9.614507,
		9.614507,
		9.614507,
		10.185876,
		10.185876,
		9.614507,
		9.614507,
		9.614507,
		15.824029,
		9.614507,
		9.614507,
		12.636629,
		9.614507,
		10.185876,
		10.185876,
		9.614507,
		17.055481,
		9.614507,
		11.493892,
		9.614507,
		16.978917,
		15.176097,
		9.614507,
		11.493892,
		11.493892,
		9.614507,
		17.055481,
		9.614507,
		9.614507,
		13.373276,
		13.296712,
		15.176097,
		9.614507,
		11.493892,
		9.614507,
		15.824029,
		9.614507,
		9.614507,
		9.614507,
		9.614507,
		13.779366,
		9.614507,
		9.614507,
		9.614507,
		9.614507,
		9.614507,
		10.185876,
		9.614507,
		9.614507,
		9.614507,
		10.185876,
		2481.342354,
		2500.0,
		9.614507,
		9.614507]
,

	"b3":[
		9.614507,
		9.614507,
		9.614507,
		9.614507,
		9.408671,
		9.408671,
		9.614507,
		9.408671,
		9.408671,
		9.408671,
		9.614507,
		9.408671,
		9.408671,
		9.408671,
		9.408671,
		9.408671,
		9.408671,
		9.408671,
		9.408671,
		9.408671,
		9.408671,
		9.408671,
		2500.0,
		2480.976822,
		9.408671,
		9.614507,
		9.614507,
		9.614507,
		9.614507,
		9.614507,
		9.614507,
		9.614507,
		9.614507,
		2500.0,
		2500.0,
		9.614507,
		9.614507,
		9.614507,
		9.614507,
		9.614507,
		9.614507,
		9.614507,
		9.614507,
		9.614507,
		10.185876,
		10.185876,
		9.614507,
		9.614507,
		9.614507,
		15.824029,
		9.614507,
		9.614507,
		12.636629,
		9.614507,
		10.185876,
		10.185876,
		9.614507,
		17.055481,
		9.614507,
		11.493892,
		9.614507,
		16.978917,
		15.176097,
		9.614507,
		11.493892,
		11.493892,
		9.614507,
		17.055481,
		9.614507,
		9.614507,
		13.373276,
		13.296712,
		15.176097,
		9.614507,
		11.493892,
		9.614507,
		15.824029,
		9.614507,
		9.614507,
		9.614507,
		9.614507,
		13.779366,
		9.614507,
		9.614507,
		9.614507,
		9.614507,
		9.614507,
		10.185876,
		9.614507,
		9.614507,
		9.614507,
		10.185876,
		2481.342354,
		2500.0,
		9.614507,
		9.614507]
,

	"b4":[
		9.614507,
		9.614507,
		9.614507,
		9.614507,
		9.408671,
		9.408671,
		9.614507,
		9.408671,
		9.408671,
		9.408671,
		9.614507,
		9.408671,
		9.408671,
		9.408671,
		9.408671,
		9.408671,
		9.408671,
		9.408671,
		9.408671,
		9.408671,
		9.408671,
		9.408671,
		2500.0,
		2480.976822,
		9.408671,
		9.614507,
		9.614507,
		9.614507,
		9.614507,
		9.614507,
		9.614507,
		9.614507,
		9.614507,
		2500.0,
		2500.0,
		9.614507,
		9.614507,
		9.614507,
		9.614507,
		9.614507,
		9.614507,
		9.614507,
		9.614507,
		9.614507,
		10.185876,
		10.185876,
		9.614507,
		9.614507,
		9.614507,
		15.824029,
		9.614507,
		9.614507,
		12.636629,
		9.614507,
		10.185876,
		10.185876,
		9.614507,
		17.055481,
		9.614507,
		11.493892,
		9.614507,
		16.978917,
		15.176097,
		9.614507,
		11.493892,
		11.493892,
		9.614507,
		17.055481,
		9.614507,
		9.614507,
		13.373276,
		13.296712,
		15.176097,
		9.614507,
		11.493892,
		9.614507,
		15.824029,
		9.614507,
		9.614507,
		9.614507,
		9.614507,
		13.779366,
		9.614507,
		9.614507,
		9.614507,
		9.614507,
		9.614507,
		10.185876,
		9.614507,
		9.614507,
		9.614507,
		10.185876,
		2481.342354,
		2500.0,
		9.614507,
		9.614507]
,

	"b5":[
		9.614507,
		9.614507,
		9.614507,
		9.614507,
		9.408671,
		9.408671,
		9.614507,
		9.408671,
		9.408671,
		9.408671,
		9.614507,
		9.408671,
		9.408671,
		9.408671,
		9.408671,
		9.408671,
		9.408671,
		9.408671,
		9.408671,
		9.408671,
		9.408671,
		9.408671,
		2500.0,
		2480.976822,
		9.408671,
		9.614507,
		9.614507,
		9.614507,
		9.614507,
		9.614507,
		9.614507,
		9.614507,
		9.614507,
		2500.0,
		2500.0,
		9.614507,
		9.614507,
		9.614507,
		9.614507,
		9.614507,
		9.614507,
		9.614507,
		9.614507,
		9.614507,
		10.185876,
		10.185876,
		9.614507,
		9.614507,
		9.614507,
		15.824029,
		9.614507,
		9.614507,
		12.636629,
		9.614507,
		10.185876,
		10.185876,
		9.614507,
		17.055481,
		9.614507,
		11.493892,
		9.614507,
		16.978917,
		15.176097,
		9.614507,
		11.493892,
		11.493892,
		9.614507,
		17.055481,
		9.614507,
		9.614507,
		13.373276,
		13.296712,
		15.176097,
		9.614507,
		11.493892,
		9.614507,
		15.824029,
		9.614507,
		9.614507,
		9.614507,
		9.614507,
		13.779366,
		9.614507,
		9.614507,
		9.614507,
		9.614507,
		9.614507,
		10.185876,
		9.614507,
		9.614507,
		9.614507,
		10.185876,
		2481.342354,
		2500.0,
		9.614507,
		9.614507]
,

	"b6":[
		9.614507,
		9.614507,
		9.614507,
		9.614507,
		9.408671,
		9.408671,
		9.614507,
		9.408671,
		9.408671,
		9.408671,
		9.614507,
		9.408671,
		9.408671,
		9.408671,
		9.408671,
		9.408671,
		9.408671,
		9.408671,
		9.408671,
		9.408671,
		9.408671,
		9.408671,
		2500.0,
		2480.976822,
		9.408671,
		9.614507,
		9.614507,
		9.614507,
		9.614507,
		9.614507,
		9.614507,
		9.614507,
		9.614507,
		2500.0,
		2500.0,
		9.614507,
		9.614507,
		9.614507,
		9.614507,
		9.614507,
		9.614507,
		9.614507,
		9.614507,
		9.614507,
		10.185876,
		10.185876,
		9.614507,
		9.614507,
		9.614507,
		15.824029,
		9.614507,
		9.614507,
		12.636629,
		9.614507,
		10.185876,
		10.185876,
		9.614507,
		17.055481,
		9.614507,
		11.493892,
		9.614507,
		16.978917,
		15.176097,
		9.614507,
		11.493892,
		11.493892,
		9.614507,
		17.055481,
		9.614507,
		9.614507,
		13.373276,
		13.296712,
		15.176097,
		9.614507,
		11.493892,
		9.614507,
		15.824029,
		9.614507,
		9.614507,
		9.614507,
		9.614507,
		13.779366,
		9.614507,
		9.614507,
		9.614507,
		9.614507,
		9.614507,
		10.185876,
		9.614507,
		9.614507,
		9.614507,
		10.185876,
		2481.342354,
		2500.0,
		9.614507,
		9.614507]
,