{
"LMPs": {
	"b1":[
		9.614507,
		9.614507,
		9.614507,
		9.614507,
		9.408671,
		9.408671,
		9.408671,
		9.614507,
		9.408671,
		9.408671,
		9.408671,
		9.408671,
		9.408671,
		9.408671,
		9.408671,
		9.408671,
		9.408671,
		9.408671,
		9.408671,
		9.408671,
		9.408671,
		9.408671,
		9.408671,
		9.408671,
		9.614507,
		9.614507,
		9.614507,
		9.614507,
		9.614507,
		9.614507,
		9.614507,
		9.614507,
		9.614507,
		9.614507,
		9.614507,
		9.614507,
		9.614507,
		9.408671,
		9.614507,
		10.185876,
		10.757244,
		9.614507,
		9.614507,
		2472.187275,
		2500.0,
		9.614507,
		9.614507,
		9.614507,
		15.252661,
		9.614507,
		11.493892,
		9.614507,
		12.06526,
		9.614507,
		15.176097,
		13.296712,
		13.296712,
		11.493892,
		13.296712,
		11.493892,
		2473.406576,
		2500.0,
		16.978917,
		9.614507,
		15.176097,
		9.614507,
		9.614507,
		2500.0,
		9.614507,
		9.614507,
		2500.0,
		9.614507,
		9.614507,
		9.614507,
		2500.0,
		2500.0,
		2480.770985,
		9.614507,
		10.185876,
		9.614507,
		12.06526,
		9.614507,
		15.176097,
		17.62685,
		9.614507,
		9.614507,
		9.614507,
		10.185876,
		9.614507,
		9.614507,
		9.614507,
		9.614507,
		9.614507,
		9.614507,
		2500.0,
		9.614507]
,

	"b2":[
		9.614507,
		9.614507,
		9.614507,
		9.614507,
		9.408671,
		9.408671,
		9.408671,
		9.614507,
		9.408671,
		9.408671,
		9.408671,
		9.408671,
		9.408671,
		9.408671,
		9.408671,
		9.408671,
		9.408671,
		9.408671,
		9.408671,
		9.408671,
		9.408671,
		9.408671,
		9.408671,
		9.408671,
		9.614507,
		9.614507,
		9.614507,
		9.614507,
		9.614507,
		9.614507,
		9.614507,
		9.614507,
		9.614507,
		9.614507,
		9.614507,
		9.614507,
		9.614507,
		9.408671,
		9.614507,
		10.185876,
		10.757244,
		9.614507,
		9.614507,
		2472.187275,
		2500.0,
		9.614507,
		9.614507,
		9.614507,
		15.252661,
		9.614507,
		11.493892,
		9.614507,
		12.06526,
		9.614507,
		15.176097,
		13.296712,
		13.296712,
		11.493892,
		13.296712,
		11.493892,
		2473.406576,
		2500.0,
		16.978917,
		9.614507,
		15.176097,
		9.614507,
		9.614507,
		2500.0,
		9.614507,
		9.614507,
		2500.0,
		9.614507,
		9.614507,
		9.614507,
		2500.0,
		2500.0,
		2480.770985,
		9.614507,
		10.185876,
		9.614507,
		12.06526,
		9.614507,
		15.176097,
		17.62685,
		9.614507,
		9.614507,
		9.614507,
		10.185876,
		9.614507,
		9.614507,
		9.614507,
		9.614507,
		9.614507,
		9.614507,
		2500.0,
		9.614507]
,

	"b3":[
		9.614507,
		9.614507,
		9.614507,
		9.614507,
		9.408671,
		9.408671,
		9.408671,
		9.614507,
		9.408671,
		9.408671,
		9.408671,
		9.408671,
		9.408671,
		9.408671,
		9.408671,
		9.408671,
		9.408671,
		9.408671,
		9.408671,
		9.408671,
		9.408671,
		9.408671,
		9.408671,
		9.408671,
		9.614507,
		9.614507,
		9.614507,
		9.614507,
		9.614507,
		9.614507,
		9.614507,
		9.614507,
		9.614507,
		9.614507,
		9.614507,
		9.614507,
		9.614507,
		9.408671,
		9.614507,
		10.185876,
		10.757244,
		9.614507,
		9.614507,
		2472.187275,
		2500.0,
		9.614507,
		9.614507,
		9.614507,
		15.252661,
		9.614507,
		11.493892,
		9.614507,
		12.06526,
		9.614507,
		15.176097,
		13.296712,
		13.296712,
		11.493892,
		13.296712,
		11.493892,
		2473.406576,
		2500.0,
		16.978917,
		9.614507,
		15.176097,
		9.614507,
		9.614507,
		2500.0,
		9.614507,
		9.614507,
		2500.0,
		9.614507,
		9.614507,
		9.614507,
		2500.0,
		2500.0,
		2480.770985,
		9.614507,
		10.185876,
		9.614507,
		12.06526,
		9.614507,
		15.176097,
		17.62685,
		9.614507,
		9.614507,
		9.614507,
		10.185876,
		9.614507,
		9.614507,
		9.614507,
		9.614507,
		9.614507,
		9.614507,
		2500.0,
		9.614507]
,

	"b4":[
		9.614507,
		9.614507,
		9.614507,
		9.614507,
		9.408671,
		9.408671,
		9.408671,
		9.614507,
		9.408671,
		9.408671,
		9.408671,
		9.408671,
		9.408671,
		9.408671,
		9.408671,
		9.408671,
		9.408671,
		9.408671,
		9.408671,
		9.408671,
		9.408671,
		9.408671,
		9.408671,
		9.408671,
		9.614507,
		9.614507,
		9.614507,
		9.614507,
		9.614507,
		9.614507,
		9.614507,
		9.614507,
		9.614507,
		9.614507,
		9.614507,
		9.614507,
		9.614507,
		9.408671,
		9.614507,
		10.185876,
		10.757244,
		9.614507,
		9.614507,
		2472.187275,
		2500.0,
		9.614507,
		9.614507,
		9.614507,
		15.252661,
		9.614507,
		11.493892,
		9.614507,
		12.06526,
		9.614507,
		15.176097,
		13.296712,
		13.296712,
		11.493892,
		13.296712,
		11.493892,
		2473.406576,
		2500.0,
		16.978917,
		9.614507,
		15.176097,
		9.614507,
		9.614507,
		2500.0,
		9.614507,
		9.614507,
		2500.0,
		9.614507,
		9.614507,
		9.614507,
		2500.0,
		2500.0,
		2480.770985,
		9.614507,
		10.185876,
		9.614507,
		12.06526,
		9.614507,
		15.176097,
		17.62685,
		9.614507,
		9.614507,
		9.614507,
		10.185876,
		9.614507,
		9.614507,
		9.614507,
		9.614507,
		9.614507,
		9.614507,
		2500.0,
		9.614507]
,

	"b5":[
		9.614507,
		9.614507,
		9.614507,
		9.614507,
		9.408671,
		9.408671,
		9.408671,
		9.614507,
		9.408671,
		9.408671,
		9.408671,
		9.408671,
		9.408671,
		9.408671,
		9.408671,
		9.408671,
		9.408671,
		9.408671,
		9.408671,
		9.408671,
		9.408671,
		9.408671,
		9.408671,
		9.408671,
		9.614507,
		9.614507,
		9.614507,
		9.614507,
		9.614507,
		9.614507,
		9.614507,
		9.614507,
		9.614507,
		9.614507,
		9.614507,
		9.614507,
		9.614507,
		9.408671,
		9.614507,
		10.185876,
		10.757244,
		9.614507,
		9.614507,
		2472.187275,
		2500.0,
		9.614507,
		9.614507,
		9.614507,
		15.252661,
		9.614507,
		11.493892,
		9.614507,
		12.06526,
		9.614507,
		15.176097,
		13.296712,
		13.296712,
		11.493892,
		13.296712,
		11.493892,
		2473.406576,
		2500.0,
		16.978917,
		9.614507,
		15.176097,
		9.614507,
		9.614507,
		2500.0,
		9.614507,
		9.614507,
		2500.0,
		9.614507,
		9.614507,
		9.614507,
		2500.0,
		2500.0,
		2480.770985,
		9.614507,
		10.185876,
		9.614507,
		12.06526,
		9.614507,
		15.176097,
		17.62685,
		9.614507,
		9.614507,
		9.614507,
		10.185876,
		9.614507,
		9.614507,
		9.614507,
		9.614507,
		9.614507,
		9.614507,
		2500.0,
		9.614507]
,

	"b6":[
		9.614507,
		9.614507,
		9.614507,
		9.614507,
		9.408671,
		9.408671,
		9.408671,
		9.614507,
		9.408671,
		9.408671,
		9.408671,
		9.408671,
		9.408671,
		9.408671,
		9.408671,
		9.408671,
		9.408671,
		9.408671,
		9.408671,
		9.408671,
		9.408671,
		9.408671,
		9.408671,
		9.408671,
		9.614507,
		9.614507,
		9.614507,
		9.614507,
		9.614507,
		9.614507,
		9.614507,
		9.614507,
		9.614507,
		9.614507,
		9.614507,
		9.614507,
		9.614507,
		9.408671,
		9.614507,
		10.185876,
		10.757244,
		9.614507,
		9.614507,
		2472.187275,
		2500.0,
		9.614507,
		9.614507,
		9.614507,
		15.252661,
		9.614507,
		11.493892,
		9.614507,
		12.06526,
		9.614507,
		15.176097,
		13.296712,
		13.296712,
		11.493892,
		13.296712,
		11.493892,
		2473.406576,
		2500.0,
		16.978917,
		9.614507,
		15.176097,
		9.614507,
		9.614507,
		2500.0,
		9.614507,
		9.614507,
		2500.0,
		9.614507,
		9.614507,
		9.614507,
		2500.0,
		2500.0,
		2480.770985,
		9.614507,
		10.185876,
		9.614507,
		12.06526,
		9.614507,
		15.176097,
		17.62685,
		9.614507,
		9.614507,
		9.614507,
		10.185876,
		9.614507,
		9.614507,
		9.614507,
		9.614507,
		9.614507,
		9.614507,
		2500.0,
		9.614507]
,